rundate,this_period,last_period,group_name,airport_1_name,airport_2_name,total_pax_this_period,total_pax_scheduled_this_period,total_pax_charter_this_period,total_pax_last_period,total_pax_scheduled_last_period,total_pax_charter_last_period,total_pax_percent
05/12/2018 16:57,201809,201709,Other Reporting Airports,ABERDEEN,BELFAST CITY (GEORGE BEST),3527,3527,0,3414,3414,0,3.3099
05/12/2018 16:57,201809,201709,Other Reporting Airports,ABERDEEN,BIRMINGHAM,9592,9592,0,12343,12343,0,-22.28794
05/12/2018 16:57,201809,201709,Other Reporting Airports,ABERDEEN,BRISTOL,1083,1083,0,1448,1448,0,-25.20718
05/12/2018 16:57,201809,201709,Other Reporting Airports,ABERDEEN,CARDIFF WALES,720,720,0,805,805,0,-10.55901
05/12/2018 16:57,201809,201709,Other Reporting Airports,ABERDEEN,CONINGSBY,3,3,0,0,0,0,0
05/12/2018 16:57,201809,201709,Other Reporting Airports,ABERDEEN,DURHAM TEES VALLEY,1416,1416,0,1478,1478,0,-4.19486
05/12/2018 16:57,201809,201709,Other Reporting Airports,ABERDEEN,GATWICK,12607,12607,0,12043,12043,0,4.68322
05/12/2018 16:57,201809,201709,Other Reporting Airports,ABERDEEN,HEATHROW,58359,58359,0,57683,57683,0,1.17192
05/12/2018 16:57,201809,201709,Other Reporting Airports,ABERDEEN,HUMBERSIDE,1951,1951,0,1866,1866,0,4.5552
05/12/2018 16:57,201809,201709,Other Reporting Airports,ABERDEEN,INVERNESS,0,0,0,74,74,0,-100
05/12/2018 16:57,201809,201709,Other Reporting Airports,ABERDEEN,JERSEY,447,447,0,579,579,0,-22.79793
05/12/2018 16:57,201809,201709,Other Reporting Airports,ABERDEEN,KIRKWALL,4575,4575,0,5053,5053,0,-9.45973
05/12/2018 16:57,201809,201709,Other Reporting Airports,ABERDEEN,LEEDS BRADFORD,0,0,0,409,409,0,-100
05/12/2018 16:57,201809,201709,Other Reporting Airports,ABERDEEN,LONDON CITY,2567,2567,0,4526,4526,0,-43.28325
05/12/2018 16:57,201809,201709,Other Reporting Airports,ABERDEEN,LOSSIEMOUTH,3,3,0,0,0,0,0
05/12/2018 16:57,201809,201709,Other Reporting Airports,ABERDEEN,LUTON,7083,7083,0,6529,6529,0,8.48522
05/12/2018 16:57,201809,201709,Other Reporting Airports,ABERDEEN,MANCHESTER,18981,18981,0,17379,17379,0,9.21802
05/12/2018 16:57,201809,201709,Other Reporting Airports,ABERDEEN,NEWCASTLE,803,803,0,1094,1094,0,-26.59963
05/12/2018 16:57,201809,201709,Other Reporting Airports,ABERDEEN,NEWQUAY,82,82,0,87,87,0,-5.74713
05/12/2018 16:57,201809,201709,Other Reporting Airports,ABERDEEN,NORWICH,3174,3174,0,3658,3658,0,-13.23127
05/12/2018 16:57,201809,201709,Other Reporting Airports,ABERDEEN,SCATSTA,7270,0,7270,7410,109,7301,-1.88934
05/12/2018 16:57,201809,201709,Other Reporting Airports,ABERDEEN,SOUTHAMPTON,0,0,0,1408,1408,0,-100
05/12/2018 16:57,201809,201709,Other Reporting Airports,ABERDEEN,SOUTHEND,50,50,0,0,0,0,0
05/12/2018 16:57,201809,201709,Other Reporting Airports,ABERDEEN,STORNOWAY,544,544,0,410,410,0,32.68293
05/12/2018 16:57,201809,201709,Other Reporting Airports,ABERDEEN,SUMBURGH,9945,8301,1644,14544,9920,4624,-31.62129
05/12/2018 16:57,201809,201709,Other Reporting Airports,ABERDEEN,WICK JOHN O GROATS,656,656,0,565,565,0,16.10619
05/12/2018 16:57,201809,201709,Other Reporting Airports,ALDERNEY,GUERNSEY,3102,3102,0,3344,3344,0,-7.23684
05/12/2018 16:57,201809,201709,Other Reporting Airports,ALDERNEY,JERSEY,0,0,0,47,47,0,-100
05/12/2018 16:57,201809,201709,Other Reporting Airports,ALDERNEY,SOUTHAMPTON,2428,2428,0,2437,2437,0,-0.36931
05/12/2018 16:57,201809,201709,Other Reporting Airports,BARRA,GLASGOW,1297,1297,0,1409,1409,0,-7.9489
05/12/2018 16:57,201809,201709,Other Reporting Airports,BELFAST CITY (GEORGE BEST),ABERDEEN,3487,3487,0,3440,3440,0,1.36628
05/12/2018 16:57,201809,201709,Other Reporting Airports,BELFAST CITY (GEORGE BEST),BIRMINGHAM,23231,23231,0,23946,23946,0,-2.98588
05/12/2018 16:57,201809,201709,Other Reporting Airports,BELFAST CITY (GEORGE BEST),CARDIFF WALES,5104,5104,0,3795,3795,0,34.49275
05/12/2018 16:57,201809,201709,Other Reporting Airports,BELFAST CITY (GEORGE BEST),DONCASTER SHEFFIELD,2329,2329,0,0,0,0,0
05/12/2018 16:57,201809,201709,Other Reporting Airports,BELFAST CITY (GEORGE BEST),EAST MIDLANDS INTERNATIONAL,12919,12919,0,14258,14258,0,-9.39122
05/12/2018 16:57,201809,201709,Other Reporting Airports,BELFAST CITY (GEORGE BEST),EDINBURGH,12866,12866,0,15245,15245,0,-15.60512
05/12/2018 16:57,201809,201709,Other Reporting Airports,BELFAST CITY (GEORGE BEST),EXETER,3406,3406,0,3431,3431,0,-0.72865
05/12/2018 16:57,201809,201709,Other Reporting Airports,BELFAST CITY (GEORGE BEST),GLASGOW,11993,11993,0,13673,13673,0,-12.28699
05/12/2018 16:57,201809,201709,Other Reporting Airports,BELFAST CITY (GEORGE BEST),HEATHROW,55402,55402,0,59691,59691,0,-7.18534
05/12/2018 16:57,201809,201709,Other Reporting Airports,BELFAST CITY (GEORGE BEST),INVERNESS,3274,3274,0,3495,3495,0,-6.32332
05/12/2018 16:57,201809,201709,Other Reporting Airports,BELFAST CITY (GEORGE BEST),ISLE OF MAN,0,0,0,805,805,0,-100
05/12/2018 16:57,201809,201709,Other Reporting Airports,BELFAST CITY (GEORGE BEST),LEEDS BRADFORD,12871,12871,0,14084,14084,0,-8.61261
05/12/2018 16:57,201809,201709,Other Reporting Airports,BELFAST CITY (GEORGE BEST),LIVERPOOL (JOHN LENNON),2170,2170,0,2909,2909,0,-25.40392
05/12/2018 16:57,201809,201709,Other Reporting Airports,BELFAST CITY (GEORGE BEST),LONDON CITY,17137,17137,0,10750,10750,0,59.41395
05/12/2018 16:57,201809,201709,Other Reporting Airports,BELFAST CITY (GEORGE BEST),MANCHESTER,22409,22409,0,24429,24429,0,-8.26886
05/12/2018 16:57,201809,201709,Other Reporting Airports,BELFAST CITY (GEORGE BEST),NEWCASTLE,0,0,0,475,475,0,-100
05/12/2018 16:57,201809,201709,Other Reporting Airports,BELFAST CITY (GEORGE BEST),NEWQUAY,111,111,0,391,391,0,-71.61125
05/12/2018 16:57,201809,201709,Other Reporting Airports,BELFAST CITY (GEORGE BEST),SOUTHAMPTON,10928,10928,0,10241,10241,0,6.70833
05/12/2018 16:57,201809,201709,Other Reporting Airports,BELFAST CITY (GEORGE BEST),STANSTED,66,66,0,0,0,0,0
05/12/2018 16:57,201809,201709,Other Reporting Airports,BELFAST INTERNATIONAL,BIRMINGHAM,21649,21379,270,15849,15849,0,36.59537
05/12/2018 16:57,201809,201709,Other Reporting Airports,BELFAST INTERNATIONAL,BRISTOL,21489,21489,0,22087,22087,0,-2.70747
05/12/2018 16:57,201809,201709,Other Reporting Airports,BELFAST INTERNATIONAL,EDINBURGH,28345,28345,0,22637,22637,0,25.21536
05/12/2018 16:57,201809,201709,Other Reporting Airports,BELFAST INTERNATIONAL,GATWICK,44702,44702,0,82294,82294,0,-45.68012
05/12/2018 16:57,201809,201709,Other Reporting Airports,BELFAST INTERNATIONAL,GLASGOW,24273,24273,0,16765,16765,0,44.78378
05/12/2018 16:57,201809,201709,Other Reporting Airports,BELFAST INTERNATIONAL,ISLE OF MAN,1668,1668,0,0,0,0,0
05/12/2018 16:57,201809,201709,Other Reporting Airports,BELFAST INTERNATIONAL,JERSEY,2497,2497,0,2493,2493,0,0.16045
05/12/2018 16:57,201809,201709,Other Reporting Airports,BELFAST INTERNATIONAL,LIVERPOOL (JOHN LENNON),39758,39758,0,37830,37793,37,5.09648
05/12/2018 16:57,201809,201709,Other Reporting Airports,BELFAST INTERNATIONAL,LUTON,27364,27364,0,27985,27985,0,-2.21905
05/12/2018 16:57,201809,201709,Other Reporting Airports,BELFAST INTERNATIONAL,MANCHESTER,31828,31828,0,19170,19170,0,66.03026
05/12/2018 16:57,201809,201709,Other Reporting Airports,BELFAST INTERNATIONAL,NEWCASTLE,22062,22062,0,21465,21465,0,2.78127
05/12/2018 16:57,201809,201709,Other Reporting Airports,BELFAST INTERNATIONAL,STANSTED,57478,57478,0,29258,29258,0,96.45225
05/12/2018 16:57,201809,201709,Other Reporting Airports,BENBECULA,GLASGOW,2464,2464,0,2148,2148,0,14.71136
05/12/2018 16:57,201809,201709,Other Reporting Airports,BENBECULA,STORNOWAY,799,799,0,856,856,0,-6.65888
05/12/2018 16:57,201809,201709,Other Reporting Airports,BIRMINGHAM,ABERDEEN,9551,9551,0,12185,12185,0,-21.61674
05/12/2018 16:57,201809,201709,Other Reporting Airports,BIRMINGHAM,BELFAST CITY (GEORGE BEST),23267,23267,0,23633,23633,0,-1.54868
05/12/2018 16:57,201809,201709,Other Reporting Airports,BIRMINGHAM,BELFAST INTERNATIONAL,21423,21284,139,15693,15693,0,36.5131
05/12/2018 16:57,201809,201709,Other Reporting Airports,BIRMINGHAM,BRISTOL,0,0,0,37,37,0,-100
05/12/2018 16:57,201809,201709,Other Reporting Airports,BIRMINGHAM,EAST MIDLANDS INTERNATIONAL,322,322,0,0,0,0,0
05/12/2018 16:57,201809,201709,Other Reporting Airports,BIRMINGHAM,EDINBURGH,23694,23421,273,22038,22038,0,7.51429
05/12/2018 16:57,201809,201709,Other Reporting Airports,BIRMINGHAM,GLASGOW,20987,20556,431,17536,17536,0,19.67952
05/12/2018 16:57,201809,201709,Other Reporting Airports,BIRMINGHAM,GUERNSEY,2020,2020,0,3036,3036,0,-33.46509
05/12/2018 16:57,201809,201709,Other Reporting Airports,BIRMINGHAM,INVERNESS,4178,4178,0,4102,4102,0,1.85275
05/12/2018 16:57,201809,201709,Other Reporting Airports,BIRMINGHAM,ISLE OF MAN,3492,3492,0,3806,3806,0,-8.25013
05/12/2018 16:57,201809,201709,Other Reporting Airports,BIRMINGHAM,JERSEY,8435,8435,0,6803,6803,0,23.98942
05/12/2018 16:57,201809,201709,Other Reporting Airports,BIRMINGHAM,MANCHESTER,58,58,0,0,0,0,0
05/12/2018 16:57,201809,201709,Other Reporting Airports,BIRMINGHAM,NEWQUAY,3434,3434,0,3581,3581,0,-4.105
05/12/2018 16:57,201809,201709,Other Reporting Airports,BOURNEMOUTH,EAST MIDLANDS INTERNATIONAL,0,0,0,37,0,37,-100
05/12/2018 16:57,201809,201709,Other Reporting Airports,BOURNEMOUTH,GATWICK,0,0,0,186,186,0,-100
05/12/2018 16:57,201809,201709,Other Reporting Airports,BOURNEMOUTH,LIVERPOOL (JOHN LENNON),0,0,0,43,0,43,-100
05/12/2018 16:57,201809,201709,Other Reporting Airports,BOURNEMOUTH,MANCHESTER,90,0,90,0,0,0,0
05/12/2018 16:57,201809,201709,Other Reporting Airports,BRISTOL,ABERDEEN,1054,1054,0,1453,1453,0,-27.46043
05/12/2018 16:57,201809,201709,Other Reporting Airports,BRISTOL,BELFAST INTERNATIONAL,21462,21462,0,22139,22139,0,-3.05795
05/12/2018 16:57,201809,201709,Other Reporting Airports,BRISTOL,EDINBURGH,32515,32515,0,32479,32479,0,0.11084
05/12/2018 16:57,201809,201709,Other Reporting Airports,BRISTOL,GATWICK,154,154,0,0,0,0,0
05/12/2018 16:57,201809,201709,Other Reporting Airports,BRISTOL,GLASGOW,26976,26976,0,26025,26025,0,3.65418
05/12/2018 16:57,201809,201709,Other Reporting Airports,BRISTOL,GUERNSEY,2553,2553,0,2545,2545,0,0.31434
05/12/2018 16:57,201809,201709,Other Reporting Airports,BRISTOL,HAWARDEN,0,0,0,272,0,272,-100
05/12/2018 16:57,201809,201709,Other Reporting Airports,BRISTOL,INVERNESS,9222,9222,0,9759,9759,0,-5.50261
05/12/2018 16:57,201809,201709,Other Reporting Airports,BRISTOL,ISLE OF MAN,2091,2091,0,2508,2508,0,-16.62679
05/12/2018 16:57,201809,201709,Other Reporting Airports,BRISTOL,JERSEY,2725,2725,0,2649,2649,0,2.86901
05/12/2018 16:57,201809,201709,Other Reporting Airports,BRISTOL,LIVERPOOL (JOHN LENNON),0,0,0,46,46,0,-100
05/12/2018 16:57,201809,201709,Other Reporting Airports,BRISTOL,NEWCASTLE,16975,16975,0,13682,13603,79,24.06812
05/12/2018 16:57,201809,201709,Other Reporting Airports,BRISTOL,NORWICH,0,0,0,30,0,30,-100
05/12/2018 16:57,201809,201709,Other Reporting Airports,BRISTOL,STANSTED,0,0,0,66,0,66,-100
05/12/2018 16:57,201809,201709,Other Reporting Airports,CAMPBELTOWN,GLASGOW,718,718,0,778,778,0,-7.71208
05/12/2018 16:57,201809,201709,Other Reporting Airports,CAMPBELTOWN,TIREE,0,0,0,26,26,0,-100
05/12/2018 16:57,201809,201709,Other Reporting Airports,CARDIFF WALES,ABERDEEN,55,55,0,55,55,0,0
05/12/2018 16:57,201809,201709,Other Reporting Airports,CARDIFF WALES,ANGLESEY (VALLEY),1163,1163,0,1221,1221,0,-4.7502
05/12/2018 16:57,201809,201709,Other Reporting Airports,CARDIFF WALES,BELFAST CITY (GEORGE BEST),5188,5146,42,3838,3838,0,35.17457
05/12/2018 16:57,201809,201709,Other Reporting Airports,CARDIFF WALES,DURHAM TEES VALLEY,71,0,71,0,0,0,0
05/12/2018 16:57,201809,201709,Other Reporting Airports,CARDIFF WALES,EDINBURGH,8334,8334,0,8373,8373,0,-0.46578
05/12/2018 16:57,201809,201709,Other Reporting Airports,CARDIFF WALES,GLASGOW,2118,2118,0,2370,2330,40,-10.63291
05/12/2018 16:57,201809,201709,Other Reporting Airports,CARDIFF WALES,GUERNSEY,72,72,0,572,572,0,-87.41259
05/12/2018 16:57,201809,201709,Other Reporting Airports,CARDIFF WALES,JERSEY,2100,2100,0,1870,1870,0,12.29947
05/12/2018 16:57,201809,201709,Other Reporting Airports,CARDIFF WALES,LEEDS BRADFORD,0,0,0,40,0,40,-100
05/12/2018 16:57,201809,201709,Other Reporting Airports,CARDIFF WALES,LONDON CITY,0,0,0,2359,2359,0,-100
05/12/2018 16:57,201809,201709,Other Reporting Airports,CARDIFF WALES,LUTON,73,0,73,70,0,70,4.28571
05/12/2018 16:57,201809,201709,Other Reporting Airports,CARDIFF WALES,MANCHESTER,151,2,149,0,0,0,0
05/12/2018 16:57,201809,201709,Other Reporting Airports,CARDIFF WALES,NEWCASTLE,1163,1163,0,1337,1162,175,-13.01421
05/12/2018 16:57,201809,201709,Other Reporting Airports,CARDIFF WALES,STANSTED,0,0,0,36,0,36,-100
05/12/2018 16:57,201809,201709,Other Reporting Airports,CITY OF DERRY (EGLINTON),DUNDEE,0,0,0,16,0,16,-100
05/12/2018 16:57,201809,201709,Other Reporting Airports,CITY OF DERRY (EGLINTON),GLASGOW,4310,4310,0,7411,7411,0,-41.84321
05/12/2018 16:57,201809,201709,Other Reporting Airports,CITY OF DERRY (EGLINTON),LIVERPOOL (JOHN LENNON),4061,4061,0,2992,2992,0,35.72861
05/12/2018 16:57,201809,201709,Other Reporting Airports,CITY OF DERRY (EGLINTON),STANSTED,3765,3765,0,3926,3926,0,-4.10087
05/12/2018 16:57,201809,201709,Other Reporting Airports,DONCASTER SHEFFIELD,BELFAST CITY (GEORGE BEST),2539,2539,0,0,0,0,0
05/12/2018 16:57,201809,201709,Other Reporting Airports,DONCASTER SHEFFIELD,BIRMINGHAM,2,2,0,6,6,0,-66.66667
05/12/2018 16:57,201809,201709,Other Reporting Airports,DONCASTER SHEFFIELD,JERSEY,4690,4690,0,4419,4419,0,6.13261
05/12/2018 16:57,201809,201709,Other Reporting Airports,DONCASTER SHEFFIELD,LIVERPOOL (JOHN LENNON),0,0,0,172,172,0,-100
05/12/2018 16:57,201809,201709,Other Reporting Airports,DONCASTER SHEFFIELD,NEWQUAY,970,970,0,1209,1209,0,-19.7684
05/12/2018 16:57,201809,201709,Other Reporting Airports,DUNDEE,STANSTED,1818,1818,0,1626,1626,0,11.80812
05/12/2018 16:57,201809,201709,Other Reporting Airports,DURHAM TEES VALLEY,ABERDEEN,1598,1598,0,1366,1366,0,16.98389
05/12/2018 16:57,201809,201709,Other Reporting Airports,DURHAM TEES VALLEY,CARDIFF WALES,71,0,71,0,0,0,0
05/12/2018 16:57,201809,201709,Other Reporting Airports,DURHAM TEES VALLEY,HUMBERSIDE,0,0,0,66,66,0,-100
05/12/2018 16:57,201809,201709,Other Reporting Airports,DURHAM TEES VALLEY,JERSEY,498,498,0,441,441,0,12.92517
05/12/2018 16:57,201809,201709,Other Reporting Airports,DURHAM TEES VALLEY,NORWICH,72,0,72,72,0,72,0
05/12/2018 16:57,201809,201709,Other Reporting Airports,EAST MIDLANDS INTERNATIONAL,BELFAST CITY (GEORGE BEST),12868,12868,0,14318,14318,0,-10.12711
05/12/2018 16:57,201809,201709,Other Reporting Airports,EAST MIDLANDS INTERNATIONAL,BIRMINGHAM,0,0,0,216,212,4,-100
05/12/2018 16:57,201809,201709,Other Reporting Airports,EAST MIDLANDS INTERNATIONAL,BOURNEMOUTH,0,0,0,37,0,37,-100
05/12/2018 16:57,201809,201709,Other Reporting Airports,EAST MIDLANDS INTERNATIONAL,EDINBURGH,8587,8587,0,8803,8803,0,-2.45371
05/12/2018 16:57,201809,201709,Other Reporting Airports,EAST MIDLANDS INTERNATIONAL,GLASGOW,8159,8159,0,8702,8702,0,-6.23994
05/12/2018 16:57,201809,201709,Other Reporting Airports,EAST MIDLANDS INTERNATIONAL,GUERNSEY,2367,2302,65,2802,2802,0,-15.52463
05/12/2018 16:57,201809,201709,Other Reporting Airports,EAST MIDLANDS INTERNATIONAL,JERSEY,3698,3698,0,3664,3664,0,0.92795
05/12/2018 16:57,201809,201709,Other Reporting Airports,EAST MIDLANDS INTERNATIONAL,LIVERPOOL (JOHN LENNON),0,0,0,77,0,77,-100
05/12/2018 16:57,201809,201709,Other Reporting Airports,EAST MIDLANDS INTERNATIONAL,MANCHESTER,186,186,0,0,0,0,0
05/12/2018 16:57,201809,201709,Other Reporting Airports,EAST MIDLANDS INTERNATIONAL,SOUTHAMPTON,0,0,0,23,23,0,-100
05/12/2018 16:57,201809,201709,Other Reporting Airports,EAST MIDLANDS INTERNATIONAL,STANSTED,166,166,0,185,185,0,-10.27027
05/12/2018 16:57,201809,201709,Other Reporting Airports,EDINBURGH,ABERDEEN,0,0,0,150,150,0,-100
05/12/2018 16:57,201809,201709,Other Reporting Airports,EDINBURGH,BELFAST CITY (GEORGE BEST),12895,12895,0,15415,15415,0,-16.34771
05/12/2018 16:57,201809,201709,Other Reporting Airports,EDINBURGH,BELFAST INTERNATIONAL,28053,28053,0,22730,22730,0,23.41839
05/12/2018 16:57,201809,201709,Other Reporting Airports,EDINBURGH,BENBECULA,0,0,0,306,306,0,-100
05/12/2018 16:57,201809,201709,Other Reporting Airports,EDINBURGH,BIRMINGHAM,23797,23519,278,22124,22124,0,7.56192
05/12/2018 16:57,201809,201709,Other Reporting Airports,EDINBURGH,BRISTOL,32717,32717,0,32472,32472,0,0.7545
05/12/2018 16:57,201809,201709,Other Reporting Airports,EDINBURGH,CARDIFF WALES,8342,8342,0,8358,8358,0,-0.19143
05/12/2018 16:57,201809,201709,Other Reporting Airports,EDINBURGH,EAST MIDLANDS INTERNATIONAL,8544,8544,0,8870,8870,0,-3.67531
05/12/2018 16:57,201809,201709,Other Reporting Airports,EDINBURGH,EXETER,4049,4049,0,4003,4003,0,1.14914
05/12/2018 16:57,201809,201709,Other Reporting Airports,EDINBURGH,GATWICK,65523,65523,0,62134,62134,0,5.45434
05/12/2018 16:57,201809,201709,Other Reporting Airports,EDINBURGH,GLASGOW,0,0,0,178,178,0,-100
05/12/2018 16:57,201809,201709,Other Reporting Airports,EDINBURGH,HEATHROW,103559,103559,0,104391,104391,0,-0.797
05/12/2018 16:57,201809,201709,Other Reporting Airports,EDINBURGH,ISLE OF MAN,721,721,0,375,375,0,92.26667
05/12/2018 16:57,201809,201709,Other Reporting Airports,EDINBURGH,JERSEY,3012,3012,0,1455,1455,0,107.01031
05/12/2018 16:57,201809,201709,Other Reporting Airports,EDINBURGH,KIRKWALL,4381,4381,0,4286,4286,0,2.21652
05/12/2018 16:57,201809,201709,Other Reporting Airports,EDINBURGH,LONDON CITY,42942,42942,0,41685,41685,0,3.01547
05/12/2018 16:57,201809,201709,Other Reporting Airports,EDINBURGH,LUTON,25912,25912,0,24352,24352,0,6.40604
05/12/2018 16:57,201809,201709,Other Reporting Airports,EDINBURGH,MANCHESTER,10087,10087,0,9478,9478,0,6.42541
05/12/2018 16:57,201809,201709,Other Reporting Airports,EDINBURGH,NEWQUAY,420,420,0,1208,1208,0,-65.23179
05/12/2018 16:57,201809,201709,Other Reporting Airports,EDINBURGH,NORWICH,2556,2556,0,2572,2572,0,-0.62208
05/12/2018 16:57,201809,201709,Other Reporting Airports,EDINBURGH,SOUTHAMPTON,15363,15363,0,18288,18288,0,-15.99409
05/12/2018 16:57,201809,201709,Other Reporting Airports,EDINBURGH,SOUTHEND,65,65,0,0,0,0,0
05/12/2018 16:57,201809,201709,Other Reporting Airports,EDINBURGH,STANSTED,62753,62753,0,62010,62010,0,1.19819
05/12/2018 16:57,201809,201709,Other Reporting Airports,EDINBURGH,STORNOWAY,1662,1662,0,1282,1282,0,29.64119
05/12/2018 16:57,201809,201709,Other Reporting Airports,EDINBURGH,SUMBURGH,4643,4643,0,4813,4813,0,-3.5321
05/12/2018 16:57,201809,201709,Other Reporting Airports,EDINBURGH,WICK JOHN O GROATS,874,874,0,885,885,0,-1.24294
05/12/2018 16:57,201809,201709,Other Reporting Airports,EXETER,BELFAST CITY (GEORGE BEST),3507,3507,0,3459,3459,0,1.38768
05/12/2018 16:57,201809,201709,Other Reporting Airports,EXETER,EDINBURGH,4157,4157,0,4003,4003,0,3.84711
05/12/2018 16:57,201809,201709,Other Reporting Airports,EXETER,GLASGOW,4008,4008,0,3816,3816,0,5.03145
05/12/2018 16:57,201809,201709,Other Reporting Airports,EXETER,GUERNSEY,2754,2754,0,2997,2997,0,-8.10811
05/12/2018 16:57,201809,201709,Other Reporting Airports,EXETER,ISLES OF SCILLY (ST.MARYS),1741,1741,0,2011,2011,0,-13.42616
05/12/2018 16:57,201809,201709,Other Reporting Airports,EXETER,JERSEY,3815,3815,0,4070,4070,0,-6.26536
05/12/2018 16:57,201809,201709,Other Reporting Airports,EXETER,LONDON CITY,3161,3161,0,3080,3080,0,2.62987
05/12/2018 16:57,201809,201709,Other Reporting Airports,EXETER,MANCHESTER,11400,11400,0,11184,11184,0,1.93133
05/12/2018 16:57,201809,201709,Other Reporting Airports,EXETER,NEWCASTLE,4351,4230,121,3900,3900,0,11.5641
05/12/2018 16:57,201809,201709,Other Reporting Airports,EXETER,NORWICH,2631,2631,0,2445,2445,0,7.60736
05/12/2018 16:57,201809,201709,Other Reporting Airports,EXETER,SOUTHAMPTON,0,0,0,39,39,0,-100
05/12/2018 16:57,201809,201709,Other Reporting Airports,EXETER,SOUTHEND,0,0,0,44,44,0,-100
05/12/2018 16:57,201809,201709,London Area Airports,GATWICK,ABERDEEN,12720,12720,0,12028,12028,0,5.75324
05/12/2018 16:57,201809,201709,London Area Airports,GATWICK,BELFAST INTERNATIONAL,44781,44781,0,82493,82493,0,-45.71539
05/12/2018 16:57,201809,201709,London Area Airports,GATWICK,BIRMINGHAM,0,0,0,75,1,74,-100
05/12/2018 16:57,201809,201709,London Area Airports,GATWICK,BRISTOL,158,158,0,0,0,0,0
05/12/2018 16:57,201809,201709,London Area Airports,GATWICK,EDINBURGH,65560,65560,0,62064,62064,0,5.6329
05/12/2018 16:57,201809,201709,London Area Airports,GATWICK,GLASGOW,52960,52960,0,52899,52885,14,0.11531
05/12/2018 16:57,201809,201709,London Area Airports,GATWICK,GUERNSEY,30672,30672,0,30259,30259,0,1.36488
05/12/2018 16:57,201809,201709,London Area Airports,GATWICK,HEATHROW,224,224,0,198,198,0,13.13131
05/12/2018 16:57,201809,201709,London Area Airports,GATWICK,INVERNESS,23176,23176,0,23481,23481,0,-1.29892
05/12/2018 16:57,201809,201709,London Area Airports,GATWICK,ISLE OF MAN,15177,15177,0,14725,14725,0,3.06961
05/12/2018 16:57,201809,201709,London Area Airports,GATWICK,JERSEY,58536,58536,0,58791,58791,0,-0.43374
05/12/2018 16:57,201809,201709,London Area Airports,GATWICK,LIVERPOOL (JOHN LENNON),34,0,34,0,0,0,0
05/12/2018 16:57,201809,201709,London Area Airports,GATWICK,LUTON,0,0,0,128,0,128,-100
05/12/2018 16:57,201809,201709,London Area Airports,GATWICK,MANCHESTER,282,178,104,3,0,3,9300
05/12/2018 16:57,201809,201709,London Area Airports,GATWICK,NEWCASTLE,0,0,0,81,0,81,-100
05/12/2018 16:57,201809,201709,London Area Airports,GATWICK,NEWQUAY,14032,14032,0,14392,14392,0,-2.50139
05/12/2018 16:57,201809,201709,Other Reporting Airports,GLASGOW,BARRA,1359,1359,0,1448,1448,0,-6.14641
05/12/2018 16:57,201809,201709,Other Reporting Airports,GLASGOW,BELFAST CITY (GEORGE BEST),12048,12048,0,13764,13764,0,-12.46731
05/12/2018 16:57,201809,201709,Other Reporting Airports,GLASGOW,BELFAST INTERNATIONAL,24155,24155,0,16776,16776,0,43.98546
05/12/2018 16:57,201809,201709,Other Reporting Airports,GLASGOW,BENBECULA,2543,2543,0,2169,2169,0,17.24297
05/12/2018 16:57,201809,201709,Other Reporting Airports,GLASGOW,BIRMINGHAM,21051,20621,430,17550,17550,0,19.94872
05/12/2018 16:57,201809,201709,Other Reporting Airports,GLASGOW,BRISTOL,26931,26931,0,25870,25870,0,4.10128
05/12/2018 16:57,201809,201709,Other Reporting Airports,GLASGOW,CAMPBELTOWN,720,720,0,781,781,0,-7.8105
05/12/2018 16:57,201809,201709,Other Reporting Airports,GLASGOW,CARDIFF WALES,2123,2123,0,2341,2341,0,-9.31226
05/12/2018 16:57,201809,201709,Other Reporting Airports,GLASGOW,CITY OF DERRY (EGLINTON),4311,4311,0,7369,7369,0,-41.49817
05/12/2018 16:57,201809,201709,Other Reporting Airports,GLASGOW,EAST MIDLANDS INTERNATIONAL,8159,8159,0,8626,8626,0,-5.41387
05/12/2018 16:57,201809,201709,Other Reporting Airports,GLASGOW,EXETER,4027,4027,0,3781,3781,0,6.50622
05/12/2018 16:57,201809,201709,Other Reporting Airports,GLASGOW,GATWICK,52838,52838,0,52893,52893,0,-0.10398
05/12/2018 16:57,201809,201709,Other Reporting Airports,GLASGOW,GUERNSEY,227,227,0,0,0,0,0
05/12/2018 16:57,201809,201709,Other Reporting Airports,GLASGOW,HEATHROW,79897,79897,0,74168,74168,0,7.72436
05/12/2018 16:57,201809,201709,Other Reporting Airports,GLASGOW,ISLAY,3052,3052,0,3230,3230,0,-5.51084
05/12/2018 16:57,201809,201709,Other Reporting Airports,GLASGOW,ISLE OF MAN,0,0,0,361,361,0,-100
05/12/2018 16:57,201809,201709,Other Reporting Airports,GLASGOW,JERSEY,5315,5315,0,5495,5495,0,-3.27571
05/12/2018 16:57,201809,201709,Other Reporting Airports,GLASGOW,KIRKWALL,2499,2499,0,1577,1577,0,58.46544
05/12/2018 16:57,201809,201709,Other Reporting Airports,GLASGOW,LONDON CITY,21277,21277,0,21670,21670,0,-1.81357
05/12/2018 16:57,201809,201709,Other Reporting Airports,GLASGOW,LUTON,21355,21355,0,19216,19216,0,11.13135
05/12/2018 16:57,201809,201709,Other Reporting Airports,GLASGOW,MANCHESTER,6329,6140,189,5619,5619,0,12.6357
05/12/2018 16:57,201809,201709,Other Reporting Airports,GLASGOW,NEWQUAY,119,119,0,192,192,0,-38.02083
05/12/2018 16:57,201809,201709,Other Reporting Airports,GLASGOW,SOUTHAMPTON,15945,15945,0,18256,18256,0,-12.65885
05/12/2018 16:57,201809,201709,Other Reporting Airports,GLASGOW,SOUTHEND,5172,5172,0,0,0,0,0
05/12/2018 16:57,201809,201709,Other Reporting Airports,GLASGOW,STANSTED,35603,35603,0,48683,48683,0,-26.8677
05/12/2018 16:57,201809,201709,Other Reporting Airports,GLASGOW,STORNOWAY,6222,6222,0,7192,7192,0,-13.48721
05/12/2018 16:57,201809,201709,Other Reporting Airports,GLASGOW,SUMBURGH,3026,3026,0,2714,2714,0,11.49595
05/12/2018 16:57,201809,201709,Other Reporting Airports,GLASGOW,TIREE,1078,1078,0,1047,1047,0,2.96084
05/12/2018 16:57,201809,201709,Other Reporting Airports,GUERNSEY,ALDERNEY,3099,3099,0,3343,3343,0,-7.29883
05/12/2018 16:57,201809,201709,Other Reporting Airports,GUERNSEY,BIRMINGHAM,3369,3369,0,2973,2973,0,13.31988
05/12/2018 16:57,201809,201709,Other Reporting Airports,GUERNSEY,BRISTOL,2572,2572,0,2327,2327,0,10.52858
05/12/2018 16:57,201809,201709,Other Reporting Airports,GUERNSEY,CARDIFF WALES,70,70,0,572,572,0,-87.76224
05/12/2018 16:57,201809,201709,Other Reporting Airports,GUERNSEY,EAST MIDLANDS INTERNATIONAL,2393,2393,0,2804,2804,0,-14.65763
05/12/2018 16:57,201809,201709,Other Reporting Airports,GUERNSEY,EXETER,2730,2730,0,3019,3019,0,-9.57271
05/12/2018 16:57,201809,201709,Other Reporting Airports,GUERNSEY,GATWICK,30711,30711,0,30179,30179,0,1.76282
05/12/2018 16:57,201809,201709,Other Reporting Airports,GUERNSEY,GLASGOW,237,237,0,0,0,0,0
05/12/2018 16:57,201809,201709,Other Reporting Airports,GUERNSEY,JERSEY,10153,10075,78,9233,9193,40,9.96426
05/12/2018 16:57,201809,201709,Other Reporting Airports,GUERNSEY,LEEDS BRADFORD,1177,1177,0,1429,1429,0,-17.63471
05/12/2018 16:57,201809,201709,Other Reporting Airports,GUERNSEY,LONDON CITY,0,0,0,2065,2065,0,-100
05/12/2018 16:57,201809,201709,Other Reporting Airports,GUERNSEY,MANCHESTER,6214,6214,0,5840,5840,0,6.40411
05/12/2018 16:57,201809,201709,Other Reporting Airports,GUERNSEY,NORWICH,257,257,0,214,214,0,20.09346
05/12/2018 16:57,201809,201709,Other Reporting Airports,GUERNSEY,SOUTHAMPTON,11741,11741,0,11468,11468,0,2.38054
05/12/2018 16:57,201809,201709,Other Reporting Airports,GUERNSEY,STANSTED,3088,3088,0,3033,3033,0,1.81339
05/12/2018 16:57,201809,201709,London Area Airports,HEATHROW,ABERDEEN,58383,58383,0,57502,57502,0,1.53212
05/12/2018 16:57,201809,201709,London Area Airports,HEATHROW,BELFAST CITY (GEORGE BEST),55704,55704,0,60042,60042,0,-7.22494
05/12/2018 16:57,201809,201709,London Area Airports,HEATHROW,EDINBURGH,103559,103559,0,104440,104440,0,-0.84355
05/12/2018 16:57,201809,201709,London Area Airports,HEATHROW,GLASGOW,80095,80095,0,74127,74127,0,8.05105
05/12/2018 16:57,201809,201709,London Area Airports,HEATHROW,INVERNESS,10456,10456,0,7806,7806,0,33.94824
05/12/2018 16:57,201809,201709,London Area Airports,HEATHROW,LEEDS BRADFORD,9112,9112,0,16142,16142,0,-43.55099
05/12/2018 16:57,201809,201709,London Area Airports,HEATHROW,LONDON CITY,66,66,0,0,0,0,0
05/12/2018 16:57,201809,201709,London Area Airports,HEATHROW,MANCHESTER,51443,51443,0,54180,54180,0,-5.05168
05/12/2018 16:57,201809,201709,London Area Airports,HEATHROW,NEWCASTLE,46251,46251,0,43160,43160,0,7.16172
05/12/2018 16:57,201809,201709,Other Reporting Airports,HUMBERSIDE,ABERDEEN,1760,1760,0,1727,1727,0,1.91083
05/12/2018 16:57,201809,201709,Other Reporting Airports,HUMBERSIDE,CONINGSBY,0,0,0,26,26,0,-100
05/12/2018 16:57,201809,201709,Other Reporting Airports,HUMBERSIDE,DURHAM TEES VALLEY,31,31,0,52,52,0,-40.38462
05/12/2018 16:57,201809,201709,Other Reporting Airports,HUMBERSIDE,FARNBOROUGH,53,0,53,29,0,29,82.75862
05/12/2018 16:57,201809,201709,Other Reporting Airports,HUMBERSIDE,JERSEY,444,0,444,483,483,0,-8.07453
05/12/2018 16:57,201809,201709,Other Reporting Airports,HUMBERSIDE,NORWICH,3,3,0,0,0,0,0
05/12/2018 16:57,201809,201709,Other Reporting Airports,HUMBERSIDE,WARTON,21,21,0,20,20,0,5
05/12/2018 16:57,201809,201709,Other Reporting Airports,INVERNESS,ABERDEEN,33,33,0,79,79,0,-58.22785
05/12/2018 16:57,201809,201709,Other Reporting Airports,INVERNESS,BELFAST CITY (GEORGE BEST),3287,3287,0,3298,3298,0,-0.33354
05/12/2018 16:57,201809,201709,Other Reporting Airports,INVERNESS,BIRMINGHAM,4193,4193,0,4035,4035,0,3.91574
05/12/2018 16:57,201809,201709,Other Reporting Airports,INVERNESS,BRISTOL,9301,9301,0,9764,9764,0,-4.74191
05/12/2018 16:57,201809,201709,Other Reporting Airports,INVERNESS,EDINBURGH,0,0,0,11,11,0,-100
05/12/2018 16:57,201809,201709,Other Reporting Airports,INVERNESS,GATWICK,23163,23163,0,23493,23493,0,-1.40467
05/12/2018 16:57,201809,201709,Other Reporting Airports,INVERNESS,HEATHROW,10458,10458,0,7828,7828,0,33.59734
05/12/2018 16:57,201809,201709,Other Reporting Airports,INVERNESS,JERSEY,305,305,0,453,453,0,-32.67108
05/12/2018 16:57,201809,201709,Other Reporting Airports,INVERNESS,KIRKWALL,2416,2416,0,2261,2261,0,6.85537
05/12/2018 16:57,201809,201709,Other Reporting Airports,INVERNESS,LUTON,15277,15277,0,13782,13782,0,10.84748
05/12/2018 16:57,201809,201709,Other Reporting Airports,INVERNESS,MANCHESTER,5432,5432,0,4961,4961,0,9.49405
05/12/2018 16:57,201809,201709,Other Reporting Airports,INVERNESS,SCATSTA,0,0,0,29,29,0,-100
05/12/2018 16:57,201809,201709,Other Reporting Airports,INVERNESS,STORNOWAY,2403,2403,0,2459,2459,0,-2.27735
05/12/2018 16:57,201809,201709,Other Reporting Airports,INVERNESS,SUMBURGH,0,0,0,43,43,0,-100
05/12/2018 16:57,201809,201709,Other Reporting Airports,ISLAY,COLONSAY,31,31,0,0,0,0,0
05/12/2018 16:57,201809,201709,Other Reporting Airports,ISLAY,GLASGOW,2996,2996,0,3142,3142,0,-4.64672
05/12/2018 16:57,201809,201709,Other Reporting Airports,ISLAY,OBAN (NORTH CONNEL),24,24,0,0,0,0,0
05/12/2018 16:57,201809,201709,Other Reporting Airports,ISLE OF MAN,BELFAST CITY (GEORGE BEST),0,0,0,779,779,0,-100
05/12/2018 16:57,201809,201709,Other Reporting Airports,ISLE OF MAN,BELFAST INTERNATIONAL,1672,1672,0,0,0,0,0
05/12/2018 16:57,201809,201709,Other Reporting Airports,ISLE OF MAN,BIRMINGHAM,3494,3494,0,3830,3830,0,-8.77285
05/12/2018 16:57,201809,201709,Other Reporting Airports,ISLE OF MAN,BRISTOL,2181,2181,0,2506,2506,0,-12.96887
05/12/2018 16:57,201809,201709,Other Reporting Airports,ISLE OF MAN,EDINBURGH,679,606,73,377,377,0,80.1061
05/12/2018 16:57,201809,201709,Other Reporting Airports,ISLE OF MAN,GATWICK,15192,15192,0,14688,14688,0,3.43137
05/12/2018 16:57,201809,201709,Other Reporting Airports,ISLE OF MAN,GLASGOW,0,0,0,358,358,0,-100
05/12/2018 16:57,201809,201709,Other Reporting Airports,ISLE OF MAN,INVERNESS,48,0,48,0,0,0,0
05/12/2018 16:57,201809,201709,Other Reporting Airports,ISLE OF MAN,LEEDS BRADFORD,0,0,0,63,63,0,-100
05/12/2018 16:57,201809,201709,Other Reporting Airports,ISLE OF MAN,LIVERPOOL (JOHN LENNON),20377,20377,0,17346,17202,144,17.47377
05/12/2018 16:57,201809,201709,Other Reporting Airports,ISLE OF MAN,LONDON CITY,5436,5436,0,5299,5299,0,2.58539
05/12/2018 16:57,201809,201709,Other Reporting Airports,ISLE OF MAN,LUTON,3119,3119,0,2668,2668,0,16.90405
05/12/2018 16:57,201809,201709,Other Reporting Airports,ISLE OF MAN,MANCHESTER,14521,14521,0,14660,14660,0,-0.94816
05/12/2018 16:57,201809,201709,Other Reporting Airports,ISLE OF MAN,NEWCASTLE,0,0,0,52,52,0,-100
05/12/2018 16:57,201809,201709,Other Reporting Airports,ISLE OF MAN,NORWICH,0,0,0,49,0,49,-100
05/12/2018 16:57,201809,201709,Other Reporting Airports,ISLE OF MAN,SOUTHEND,0,0,0,81,81,0,-100
05/12/2018 16:57,201809,201709,Other Reporting Airports,JERSEY,ABERDEEN,447,447,0,571,571,0,-21.71629
05/12/2018 16:57,201809,201709,Other Reporting Airports,JERSEY,ALDERNEY,0,0,0,49,49,0,-100
05/12/2018 16:57,201809,201709,Other Reporting Airports,JERSEY,BELFAST INTERNATIONAL,2496,2496,0,2470,2470,0,1.05263
05/12/2018 16:57,201809,201709,Other Reporting Airports,JERSEY,BIGGIN HILL,37,0,37,0,0,0,0
05/12/2018 16:57,201809,201709,Other Reporting Airports,JERSEY,BIRMINGHAM,7484,7484,0,7464,7464,0,0.26795
05/12/2018 16:57,201809,201709,Other Reporting Airports,JERSEY,BRISTOL,2690,2690,0,2580,2580,0,4.26357
05/12/2018 16:57,201809,201709,Other Reporting Airports,JERSEY,CARDIFF WALES,2100,2100,0,1859,1859,0,12.96396
05/12/2018 16:57,201809,201709,Other Reporting Airports,JERSEY,DONCASTER SHEFFIELD,4442,4442,0,4134,4134,0,7.45041
05/12/2018 16:57,201809,201709,Other Reporting Airports,JERSEY,DURHAM TEES VALLEY,498,498,0,515,515,0,-3.30097
05/12/2018 16:57,201809,201709,Other Reporting Airports,JERSEY,EAST MIDLANDS INTERNATIONAL,3715,3715,0,3641,3641,0,2.03241
05/12/2018 16:57,201809,201709,Other Reporting Airports,JERSEY,EDINBURGH,2961,2961,0,1447,1447,0,104.63027
05/12/2018 16:57,201809,201709,Other Reporting Airports,JERSEY,EXETER,3026,3026,0,4600,4600,0,-34.21739
05/12/2018 16:57,201809,201709,Other Reporting Airports,JERSEY,GATWICK,58590,58590,0,58436,58436,0,0.26354
05/12/2018 16:57,201809,201709,Other Reporting Airports,JERSEY,GLASGOW,5317,5317,0,5466,5466,0,-2.72594
05/12/2018 16:57,201809,201709,Other Reporting Airports,JERSEY,GUERNSEY,10834,10754,80,8178,8178,0,32.47738
05/12/2018 16:57,201809,201709,Other Reporting Airports,JERSEY,HUMBERSIDE,444,444,0,477,477,0,-6.91824
05/12/2018 16:57,201809,201709,Other Reporting Airports,JERSEY,INVERNESS,306,306,0,452,452,0,-32.30088
05/12/2018 16:57,201809,201709,Other Reporting Airports,JERSEY,LEEDS BRADFORD,2859,2859,0,2898,2898,0,-1.34576
05/12/2018 16:57,201809,201709,Other Reporting Airports,JERSEY,LIVERPOOL (JOHN LENNON),13302,13302,0,12091,12091,0,10.01571
05/12/2018 16:57,201809,201709,Other Reporting Airports,JERSEY,LONDON CITY,3423,3423,0,3483,3483,0,-1.72265
05/12/2018 16:57,201809,201709,Other Reporting Airports,JERSEY,LUTON,6853,6853,0,5687,5687,0,20.5029
05/12/2018 16:57,201809,201709,Other Reporting Airports,JERSEY,MANCHESTER,4619,4619,0,4857,4857,0,-4.90014
05/12/2018 16:57,201809,201709,Other Reporting Airports,JERSEY,NEWCASTLE,3634,3634,0,2853,2853,0,27.37469
05/12/2018 16:57,201809,201709,Other Reporting Airports,JERSEY,NORWICH,1068,1068,0,1095,1095,0,-2.46575
05/12/2018 16:57,201809,201709,Other Reporting Airports,JERSEY,SOUTHAMPTON,16091,16091,0,15806,15806,0,1.80311
05/12/2018 16:57,201809,201709,Other Reporting Airports,JERSEY,SOUTHEND,6042,6042,0,4315,4315,0,40.02317
05/12/2018 16:57,201809,201709,Other Reporting Airports,KIRKWALL,ABERDEEN,4512,4512,0,5152,5152,0,-12.42236
05/12/2018 16:57,201809,201709,Other Reporting Airports,KIRKWALL,EDAY,35,35,0,62,62,0,-43.54839
05/12/2018 16:57,201809,201709,Other Reporting Airports,KIRKWALL,EDINBURGH,4361,4361,0,4243,4243,0,2.78105
05/12/2018 16:57,201809,201709,Other Reporting Airports,KIRKWALL,FAIR ISLE,26,26,0,59,59,0,-55.9322
05/12/2018 16:57,201809,201709,Other Reporting Airports,KIRKWALL,GLASGOW,2470,2470,0,1497,1497,0,64.99666
05/12/2018 16:57,201809,201709,Other Reporting Airports,KIRKWALL,INVERNESS,1295,1295,0,1100,1100,0,17.72727
05/12/2018 16:57,201809,201709,Other Reporting Airports,KIRKWALL,MANCHESTER,43,43,0,0,0,0,0
05/12/2018 16:57,201809,201709,Other Reporting Airports,KIRKWALL,NORTH RONALDSAY,555,555,0,665,665,0,-16.54135
05/12/2018 16:57,201809,201709,Other Reporting Airports,KIRKWALL,PAPA WESTRAY,446,446,0,495,495,0,-9.89899
05/12/2018 16:57,201809,201709,Other Reporting Airports,KIRKWALL,SANDAY,236,236,0,257,257,0,-8.17121
05/12/2018 16:57,201809,201709,Other Reporting Airports,KIRKWALL,STRONSAY,325,325,0,341,341,0,-4.69208
05/12/2018 16:57,201809,201709,Other Reporting Airports,KIRKWALL,SUMBURGH,991,991,0,885,885,0,11.9774
05/12/2018 16:57,201809,201709,Other Reporting Airports,KIRKWALL,WESTRAY,293,293,0,353,353,0,-16.99717
05/12/2018 16:57,201809,201709,Other Reporting Airports,LEEDS BRADFORD,ABERDEEN,0,0,0,1411,1411,0,-100
05/12/2018 16:57,201809,201709,Other Reporting Airports,LEEDS BRADFORD,BELFAST CITY (GEORGE BEST),12835,12835,0,14036,14036,0,-8.55657
05/12/2018 16:57,201809,201709,Other Reporting Airports,LEEDS BRADFORD,CARDIFF WALES,0,0,0,40,0,40,-100
05/12/2018 16:57,201809,201709,Other Reporting Airports,LEEDS BRADFORD,GUERNSEY,1167,1167,0,1419,1419,0,-17.75899
05/12/2018 16:57,201809,201709,Other Reporting Airports,LEEDS BRADFORD,HEATHROW,9073,9073,0,16085,16085,0,-43.59341
05/12/2018 16:57,201809,201709,Other Reporting Airports,LEEDS BRADFORD,ISLE OF MAN,0,0,0,109,109,0,-100
05/12/2018 16:57,201809,201709,Other Reporting Airports,LEEDS BRADFORD,JERSEY,2845,2845,0,2892,2892,0,-1.62517
05/12/2018 16:57,201809,201709,Other Reporting Airports,LEEDS BRADFORD,MANCHESTER,0,0,0,136,136,0,-100
05/12/2018 16:57,201809,201709,Other Reporting Airports,LEEDS BRADFORD,NEWQUAY,2722,2722,0,2955,2955,0,-7.88494
05/12/2018 16:57,201809,201709,Other Reporting Airports,LEEDS BRADFORD,SOUTHAMPTON,3014,3014,0,2965,2965,0,1.65261
05/12/2018 16:57,201809,201709,Other Reporting Airports,LERWICK (TINGWALL),FAIR ISLE,248,248,0,239,239,0,3.76569
05/12/2018 16:57,201809,201709,Other Reporting Airports,LERWICK (TINGWALL),FOULA,61,61,0,155,155,0,-60.64516
05/12/2018 16:57,201809,201709,Other Reporting Airports,LERWICK (TINGWALL),PAPA STOUR,0,0,0,2,2,0,-100
05/12/2018 16:57,201809,201709,Other Reporting Airports,LERWICK (TINGWALL),SUMBURGH,4,4,0,0,0,0,0
05/12/2018 16:57,201809,201709,Other Reporting Airports,LIVERPOOL (JOHN LENNON),BELFAST CITY (GEORGE BEST),2172,2172,0,2898,2898,0,-25.05176
05/12/2018 16:57,201809,201709,Other Reporting Airports,LIVERPOOL (JOHN LENNON),BELFAST INTERNATIONAL,39543,39543,0,37413,37413,0,5.69321
05/12/2018 16:57,201809,201709,Other Reporting Airports,LIVERPOOL (JOHN LENNON),BIRMINGHAM,0,0,0,106,106,0,-100
05/12/2018 16:57,201809,201709,Other Reporting Airports,LIVERPOOL (JOHN LENNON),BOURNEMOUTH,0,0,0,89,0,89,-100
05/12/2018 16:57,201809,201709,Other Reporting Airports,LIVERPOOL (JOHN LENNON),BRISTOL,0,0,0,34,34,0,-100
05/12/2018 16:57,201809,201709,Other Reporting Airports,LIVERPOOL (JOHN LENNON),CITY OF DERRY (EGLINTON),4017,4017,0,2949,2949,0,36.21567
05/12/2018 16:57,201809,201709,Other Reporting Airports,LIVERPOOL (JOHN LENNON),DONCASTER SHEFFIELD,0,0,0,163,163,0,-100
05/12/2018 16:57,201809,201709,Other Reporting Airports,LIVERPOOL (JOHN LENNON),EAST MIDLANDS INTERNATIONAL,40,0,40,149,0,149,-73.15436
05/12/2018 16:57,201809,201709,Other Reporting Airports,LIVERPOOL (JOHN LENNON),FARNBOROUGH,80,0,80,28,0,28,185.71429
05/12/2018 16:57,201809,201709,Other Reporting Airports,LIVERPOOL (JOHN LENNON),GATWICK,79,0,79,41,41,0,92.68293
05/12/2018 16:57,201809,201709,Other Reporting Airports,LIVERPOOL (JOHN LENNON),ISLE OF MAN,20403,20403,0,17267,17267,0,18.16181
05/12/2018 16:57,201809,201709,Other Reporting Airports,LIVERPOOL (JOHN LENNON),JERSEY,13179,13179,0,12388,12388,0,6.38521
05/12/2018 16:57,201809,201709,Other Reporting Airports,LIVERPOOL (JOHN LENNON),LONDON CITY,8,8,0,0,0,0,0
05/12/2018 16:57,201809,201709,Other Reporting Airports,LIVERPOOL (JOHN LENNON),LUTON,51,0,51,0,0,0,0
05/12/2018 16:57,201809,201709,Other Reporting Airports,LIVERPOOL (JOHN LENNON),NEWCASTLE,0,0,0,36,0,36,-100
05/12/2018 16:57,201809,201709,Other Reporting Airports,LIVERPOOL (JOHN LENNON),NEWQUAY,101,101,0,74,74,0,36.48649
05/12/2018 16:57,201809,201709,Other Reporting Airports,LIVERPOOL (JOHN LENNON),SOUTHEND,108,0,108,0,0,0,0
05/12/2018 16:57,201809,201709,Other Reporting Airports,LIVERPOOL (JOHN LENNON),STANSTED,73,1,72,76,0,76,-3.94737
05/12/2018 16:57,201809,201709,London Area Airports,LONDON CITY,ABERDEEN,2599,2599,0,4496,4496,0,-42.19306
05/12/2018 16:57,201809,201709,London Area Airports,LONDON CITY,BELFAST CITY (GEORGE BEST),17241,17241,0,10771,10771,0,60.0687
05/12/2018 16:57,201809,201709,London Area Airports,LONDON CITY,CARDIFF WALES,0,0,0,2359,2359,0,-100
05/12/2018 16:57,201809,201709,London Area Airports,LONDON CITY,EDINBURGH,43017,43017,0,41800,41800,0,2.91148
05/12/2018 16:57,201809,201709,London Area Airports,LONDON CITY,EXETER,3156,3156,0,3065,3065,0,2.969
05/12/2018 16:57,201809,201709,London Area Airports,LONDON CITY,GLASGOW,21211,21211,0,21678,21678,0,-2.15426
05/12/2018 16:57,201809,201709,London Area Airports,LONDON CITY,GUERNSEY,0,0,0,2083,2083,0,-100
05/12/2018 16:57,201809,201709,London Area Airports,LONDON CITY,ISLE OF MAN,5463,5463,0,5441,5441,0,0.40434
05/12/2018 16:57,201809,201709,London Area Airports,LONDON CITY,JERSEY,3419,3419,0,3461,3461,0,-1.21352
05/12/2018 16:57,201809,201709,London Area Airports,LONDON CITY,MANCHESTER,440,440,0,450,450,0,-2.22222
05/12/2018 16:57,201809,201709,London Area Airports,LONDON CITY,NEWCASTLE,31,31,0,0,0,0,0
05/12/2018 16:57,201809,201709,London Area Airports,LUTON,ABERDEEN,7135,7135,0,6523,6523,0,9.38219
05/12/2018 16:57,201809,201709,London Area Airports,LUTON,BELFAST INTERNATIONAL,27650,27650,0,27794,27794,0,-0.5181
05/12/2018 16:57,201809,201709,London Area Airports,LUTON,BIRMINGHAM,0,0,0,195,195,0,-100
05/12/2018 16:57,201809,201709,London Area Airports,LUTON,EDINBURGH,25968,25968,0,24429,24429,0,6.29989
05/12/2018 16:57,201809,201709,London Area Airports,LUTON,GLASGOW,21352,21352,0,19197,19197,0,11.22571
05/12/2018 16:57,201809,201709,London Area Airports,LUTON,INVERNESS,15295,15295,0,13757,13757,0,11.17976
05/12/2018 16:57,201809,201709,London Area Airports,LUTON,ISLE OF MAN,3120,3120,0,2721,2721,0,14.66373
05/12/2018 16:57,201809,201709,London Area Airports,LUTON,JERSEY,6850,6850,0,5773,5773,0,18.65581
05/12/2018 16:57,201809,201709,London Area Airports,LUTON,STANSTED,0,0,0,186,186,0,-100
05/12/2018 16:57,201809,201709,Other Reporting Airports,MANCHESTER,ABERDEEN,18881,18881,0,17182,17182,0,9.88826
05/12/2018 16:57,201809,201709,Other Reporting Airports,MANCHESTER,BELFAST CITY (GEORGE BEST),22129,22129,0,24378,24378,0,-9.22553
05/12/2018 16:57,201809,201709,Other Reporting Airports,MANCHESTER,BELFAST INTERNATIONAL,31297,31297,0,18868,18868,0,65.87344
05/12/2018 16:57,201809,201709,Other Reporting Airports,MANCHESTER,BIRMINGHAM,58,58,0,74,74,0,-21.62162
05/12/2018 16:57,201809,201709,Other Reporting Airports,MANCHESTER,CAMBRIDGE,236,236,0,0,0,0,0
05/12/2018 16:57,201809,201709,Other Reporting Airports,MANCHESTER,CARDIFF WALES,32,0,32,0,0,0,0
05/12/2018 16:57,201809,201709,Other Reporting Airports,MANCHESTER,EDINBURGH,10003,10003,0,9466,9466,0,5.67293
05/12/2018 16:57,201809,201709,Other Reporting Airports,MANCHESTER,EXETER,11241,11241,0,11046,11046,0,1.76534
05/12/2018 16:57,201809,201709,Other Reporting Airports,MANCHESTER,GATWICK,45,0,45,0,0,0,0
05/12/2018 16:57,201809,201709,Other Reporting Airports,MANCHESTER,GLASGOW,6134,6134,0,4435,4435,0,38.30891
05/12/2018 16:57,201809,201709,Other Reporting Airports,MANCHESTER,GUERNSEY,6184,6184,0,5864,5864,0,5.45703
05/12/2018 16:57,201809,201709,Other Reporting Airports,MANCHESTER,HEATHROW,50958,50958,0,53719,53719,0,-5.13971
05/12/2018 16:57,201809,201709,Other Reporting Airports,MANCHESTER,INVERNESS,4451,4451,0,4933,4933,0,-9.77093
05/12/2018 16:57,201809,201709,Other Reporting Airports,MANCHESTER,ISLE OF MAN,14426,14426,0,14725,14725,0,-2.03056
05/12/2018 16:57,201809,201709,Other Reporting Airports,MANCHESTER,JERSEY,4605,4605,0,4819,4819,0,-4.44076
05/12/2018 16:57,201809,201709,Other Reporting Airports,MANCHESTER,KIRKWALL,43,43,0,416,416,0,-89.66346
05/12/2018 16:57,201809,201709,Other Reporting Airports,MANCHESTER,LEEDS BRADFORD,166,166,0,0,0,0,0
05/12/2018 16:57,201809,201709,Other Reporting Airports,MANCHESTER,LIVERPOOL (JOHN LENNON),0,0,0,705,705,0,-100
05/12/2018 16:57,201809,201709,Other Reporting Airports,MANCHESTER,LONDON CITY,440,440,0,451,451,0,-2.43902
05/12/2018 16:57,201809,201709,Other Reporting Airports,MANCHESTER,NEWCASTLE,37,37,0,0,0,0,0
05/12/2018 16:57,201809,201709,Other Reporting Airports,MANCHESTER,NEWQUAY,7960,7960,0,8726,8726,0,-8.77836
05/12/2018 16:57,201809,201709,Other Reporting Airports,MANCHESTER,NORWICH,1584,1584,0,1926,1926,0,-17.75701
05/12/2018 16:57,201809,201709,Other Reporting Airports,MANCHESTER,SOUTHAMPTON,20693,20693,0,16448,16448,0,25.80861
05/12/2018 16:57,201809,201709,Other Reporting Airports,MANCHESTER,SOUTHEND,3945,3945,0,0,0,0,0
05/12/2018 16:57,201809,201709,Other Reporting Airports,MANCHESTER,STANSTED,177,177,0,0,0,0,0
05/12/2018 16:57,201809,201709,Other Reporting Airports,MANCHESTER,STORNOWAY,0,0,0,848,848,0,-100
05/12/2018 16:57,201809,201709,Other Reporting Airports,MANCHESTER,SUMBURGH,66,66,0,0,0,0,0
05/12/2018 16:57,201809,201709,Other Reporting Airports,NEWCASTLE,ABERDEEN,1392,1392,0,1784,1784,0,-21.97309
05/12/2018 16:57,201809,201709,Other Reporting Airports,NEWCASTLE,BELFAST INTERNATIONAL,21914,21914,0,21281,21281,0,2.97448
05/12/2018 16:57,201809,201709,Other Reporting Airports,NEWCASTLE,BRISTOL,16941,16941,0,13635,13556,79,24.24642
05/12/2018 16:57,201809,201709,Other Reporting Airports,NEWCASTLE,CARDIFF WALES,1107,1107,0,1361,1165,196,-18.66275
05/12/2018 16:57,201809,201709,Other Reporting Airports,NEWCASTLE,EXETER,4312,4312,0,3867,3867,0,11.50763
05/12/2018 16:57,201809,201709,Other Reporting Airports,NEWCASTLE,GATWICK,0,0,0,100,0,100,-100
05/12/2018 16:57,201809,201709,Other Reporting Airports,NEWCASTLE,HEATHROW,46084,46084,0,42972,42972,0,7.24192
05/12/2018 16:57,201809,201709,Other Reporting Airports,NEWCASTLE,ISLE OF MAN,0,0,0,485,485,0,-100
05/12/2018 16:57,201809,201709,Other Reporting Airports,NEWCASTLE,JERSEY,3572,3572,0,2870,2870,0,24.45993
05/12/2018 16:57,201809,201709,Other Reporting Airports,NEWCASTLE,LIVERPOOL (JOHN LENNON),0,0,0,46,0,46,-100
05/12/2018 16:57,201809,201709,Other Reporting Airports,NEWCASTLE,MANCHESTER,0,0,0,100,0,100,-100
05/12/2018 16:57,201809,201709,Other Reporting Airports,NEWCASTLE,NEWQUAY,121,121,0,118,118,0,2.54237
05/12/2018 16:57,201809,201709,Other Reporting Airports,NEWCASTLE,SOUTHAMPTON,9846,9846,0,11254,11254,0,-12.51111
05/12/2018 16:57,201809,201709,Other Reporting Airports,NEWCASTLE,STANSTED,0,0,0,80,0,80,-100
05/12/2018 16:57,201809,201709,Other Reporting Airports,NEWQUAY,ABERDEEN,82,82,0,87,87,0,-5.74713
05/12/2018 16:57,201809,201709,Other Reporting Airports,NEWQUAY,BELFAST CITY (GEORGE BEST),112,112,0,400,400,0,-72
05/12/2018 16:57,201809,201709,Other Reporting Airports,NEWQUAY,BIRMINGHAM,3457,3457,0,3623,3623,0,-4.58184
05/12/2018 16:57,201809,201709,Other Reporting Airports,NEWQUAY,DONCASTER SHEFFIELD,914,914,0,1131,1131,0,-19.18656
05/12/2018 16:57,201809,201709,Other Reporting Airports,NEWQUAY,EDINBURGH,420,420,0,1198,1198,0,-64.94157
05/12/2018 16:57,201809,201709,Other Reporting Airports,NEWQUAY,EXETER,0,0,0,12,12,0,-100
05/12/2018 16:57,201809,201709,Other Reporting Airports,NEWQUAY,GATWICK,14034,14034,0,14510,14510,0,-3.2805
05/12/2018 16:57,201809,201709,Other Reporting Airports,NEWQUAY,GLASGOW,119,119,0,192,192,0,-38.02083
05/12/2018 16:57,201809,201709,Other Reporting Airports,NEWQUAY,ISLES OF SCILLY (ST.MARYS),2270,2270,0,2463,2463,0,-7.83597
05/12/2018 16:57,201809,201709,Other Reporting Airports,NEWQUAY,LANDS END (ST JUST),14,14,0,0,0,0,0
05/12/2018 16:57,201809,201709,Other Reporting Airports,NEWQUAY,LEEDS BRADFORD,2762,2762,0,3015,3015,0,-8.39138
05/12/2018 16:57,201809,201709,Other Reporting Airports,NEWQUAY,LIVERPOOL (JOHN LENNON),104,104,0,75,75,0,38.66667
05/12/2018 16:57,201809,201709,Other Reporting Airports,NEWQUAY,MANCHESTER,8045,8045,0,8867,8867,0,-9.27033
05/12/2018 16:57,201809,201709,Other Reporting Airports,NEWQUAY,NEWCASTLE,123,123,0,119,119,0,3.36134
05/12/2018 16:57,201809,201709,Other Reporting Airports,NEWQUAY,STANSTED,234,234,0,2965,2965,0,-92.10793
05/12/2018 16:57,201809,201709,Other Reporting Airports,NORWICH,ABERDEEN,3240,3240,0,3599,3599,0,-9.97499
05/12/2018 16:57,201809,201709,Other Reporting Airports,NORWICH,DURHAM TEES VALLEY,72,0,72,34,0,34,111.76471
05/12/2018 16:57,201809,201709,Other Reporting Airports,NORWICH,EDINBURGH,2554,2554,0,2522,2522,0,1.26883
05/12/2018 16:57,201809,201709,Other Reporting Airports,NORWICH,EXETER,2598,2598,0,2522,2389,133,3.01348
05/12/2018 16:57,201809,201709,Other Reporting Airports,NORWICH,GUERNSEY,257,0,257,214,214,0,20.09346
05/12/2018 16:57,201809,201709,Other Reporting Airports,NORWICH,JERSEY,996,996,0,1087,1087,0,-8.37167
05/12/2018 16:57,201809,201709,Other Reporting Airports,NORWICH,MANCHESTER,1591,1591,0,1932,1932,0,-17.6501
05/12/2018 16:57,201809,201709,Other Reporting Airports,PRESTWICK,BRISTOL,0,0,0,151,0,151,-100
05/12/2018 16:57,201809,201709,Other Reporting Airports,SOUTHAMPTON,ABERDEEN,0,0,0,2533,2533,0,-100
05/12/2018 16:57,201809,201709,Other Reporting Airports,SOUTHAMPTON,ALDERNEY,2440,2440,0,2541,2541,0,-3.97481
05/12/2018 16:57,201809,201709,Other Reporting Airports,SOUTHAMPTON,BELFAST CITY (GEORGE BEST),11019,11019,0,10312,10312,0,6.85609
05/12/2018 16:57,201809,201709,Other Reporting Airports,SOUTHAMPTON,EAST MIDLANDS INTERNATIONAL,0,0,0,25,25,0,-100
05/12/2018 16:57,201809,201709,Other Reporting Airports,SOUTHAMPTON,EDINBURGH,15364,15364,0,18394,18394,0,-16.47276
05/12/2018 16:57,201809,201709,Other Reporting Airports,SOUTHAMPTON,EXETER,0,0,0,39,39,0,-100
05/12/2018 16:57,201809,201709,Other Reporting Airports,SOUTHAMPTON,GLASGOW,15952,15952,0,18273,18273,0,-12.7018
05/12/2018 16:57,201809,201709,Other Reporting Airports,SOUTHAMPTON,GUERNSEY,11825,11825,0,11533,11533,0,2.53187
05/12/2018 16:57,201809,201709,Other Reporting Airports,SOUTHAMPTON,JERSEY,15977,15977,0,15958,15958,0,0.11906
05/12/2018 16:57,201809,201709,Other Reporting Airports,SOUTHAMPTON,LEEDS BRADFORD,2987,2987,0,918,918,0,225.38126
05/12/2018 16:57,201809,201709,Other Reporting Airports,SOUTHAMPTON,LIVERPOOL (JOHN LENNON),61,20,41,0,0,0,0
05/12/2018 16:57,201809,201709,Other Reporting Airports,SOUTHAMPTON,MANCHESTER,21285,21285,0,16713,16600,113,27.35595
05/12/2018 16:57,201809,201709,Other Reporting Airports,SOUTHAMPTON,NEWCASTLE,9853,9853,0,11279,11279,0,-12.64296
05/12/2018 16:57,201809,201709,London Area Airports,SOUTHEND,ABERDEEN,44,44,0,0,0,0,0
05/12/2018 16:57,201809,201709,London Area Airports,SOUTHEND,EXETER,0,0,0,58,58,0,-100
05/12/2018 16:57,201809,201709,London Area Airports,SOUTHEND,GLASGOW,5040,5040,0,0,0,0,0
05/12/2018 16:57,201809,201709,London Area Airports,SOUTHEND,ISLE OF MAN,0,0,0,80,80,0,-100
05/12/2018 16:57,201809,201709,London Area Airports,SOUTHEND,JERSEY,6040,6040,0,4309,4309,0,40.17173
05/12/2018 16:57,201809,201709,London Area Airports,SOUTHEND,MANCHESTER,3934,3934,0,0,0,0,0
05/12/2018 16:57,201809,201709,London Area Airports,STANSTED,BELFAST INTERNATIONAL,57378,57378,0,29126,29126,0,96.99924
05/12/2018 16:57,201809,201709,London Area Airports,STANSTED,CITY OF DERRY (EGLINTON),3847,3847,0,3939,3939,0,-2.33562
05/12/2018 16:57,201809,201709,London Area Airports,STANSTED,DUNDEE,1812,1812,0,1618,1618,0,11.99011
05/12/2018 16:57,201809,201709,London Area Airports,STANSTED,EDINBURGH,62799,62799,0,62204,62204,0,0.95653
05/12/2018 16:57,201809,201709,London Area Airports,STANSTED,GATWICK,0,0,0,435,435,0,-100
05/12/2018 16:57,201809,201709,London Area Airports,STANSTED,GLASGOW,35838,35838,0,48452,48452,0,-26.03401
05/12/2018 16:57,201809,201709,London Area Airports,STANSTED,GUERNSEY,3030,3030,0,3035,3035,0,-0.16474
05/12/2018 16:57,201809,201709,London Area Airports,STANSTED,LUTON,0,0,0,185,185,0,-100
05/12/2018 16:57,201809,201709,London Area Airports,STANSTED,MANCHESTER,183,183,0,0,0,0,0
05/12/2018 16:57,201809,201709,London Area Airports,STANSTED,NEWQUAY,230,230,0,2960,2960,0,-92.22973
05/12/2018 16:57,201809,201709,Other Reporting Airports,STORNOWAY,ABERDEEN,537,537,0,415,415,0,29.39759
05/12/2018 16:57,201809,201709,Other Reporting Airports,STORNOWAY,BENBECULA,586,586,0,679,679,0,-13.69661
05/12/2018 16:57,201809,201709,Other Reporting Airports,STORNOWAY,EDINBURGH,1645,1645,0,1576,1576,0,4.37817
05/12/2018 16:57,201809,201709,Other Reporting Airports,STORNOWAY,GLASGOW,6200,6200,0,7151,7151,0,-13.29884
05/12/2018 16:57,201809,201709,Other Reporting Airports,STORNOWAY,INVERNESS,2225,2225,0,2432,2432,0,-8.51151
05/12/2018 16:57,201809,201709,Other Reporting Airports,SUMBURGH,ABERDEEN,6306,6306,0,7239,7239,0,-12.88852
05/12/2018 16:57,201809,201709,Other Reporting Airports,SUMBURGH,EDINBURGH,4634,4634,0,4763,4763,0,-2.70838
05/12/2018 16:57,201809,201709,Other Reporting Airports,SUMBURGH,FAIR ISLE,1,1,0,20,20,0,-95
05/12/2018 16:57,201809,201709,Other Reporting Airports,SUMBURGH,GLASGOW,2962,2962,0,2699,2699,0,9.74435
05/12/2018 16:57,201809,201709,Other Reporting Airports,SUMBURGH,KIRKWALL,2107,2107,0,2066,2066,0,1.98451
05/12/2018 16:57,201809,201709,Other Reporting Airports,SUMBURGH,MANCHESTER,67,67,0,0,0,0,0
05/12/2018 16:57,201809,201709,Other Reporting Airports,TIREE,CAMPBELTOWN,0,0,0,5,5,0,-100
05/12/2018 16:57,201809,201709,Other Reporting Airports,TIREE,COLL,31,31,0,0,0,0,0
05/12/2018 16:57,201809,201709,Other Reporting Airports,TIREE,GLASGOW,1031,1031,0,1019,1019,0,1.17763
05/12/2018 16:57,201809,201709,Other Reporting Airports,TIREE,OBAN (NORTH CONNEL),19,19,0,0,0,0,0
05/12/2018 16:57,201809,201709,Other Reporting Airports,WICK JOHN O GROATS,ABERDEEN,664,664,0,543,543,0,22.28361
05/12/2018 16:57,201809,201709,Other Reporting Airports,WICK JOHN O GROATS,EDINBURGH,873,873,0,875,875,0,-0.22857

