rundate,this_period,foreign_region,foreign_country,UK_airport,foreign_airport,total_pax_this_period,total_pax_scheduled_this_period,total_pax_charter_this_period,total_pax_last_period,total_pax_scheduled_last_period,total_pax_charter_last_period,total_pax_percent
11/06/2021 12:23,202104,WESTERN EUROPE-EU,AUSTRIA,HEATHROW,VIENNA,4909,4909,0,0,0,0,0
11/06/2021 12:23,202104,WESTERN EUROPE-EU,AUSTRIA,LUTON,VIENNA,555,555,0,0,0,0,0
11/06/2021 12:23,202104,WESTERN EUROPE-EU,AUSTRIA,STANSTED,VIENNA,864,864,0,0,0,0,0
11/06/2021 12:23,202104,WESTERN EUROPE-EU,AUSTRIA,MANCHESTER,VIENNA,280,280,0,0,0,0,0
11/06/2021 12:23,202104,WESTERN EUROPE-EU,BELGIUM,HEATHROW,BRUSSELS,5321,5321,0,0,0,0,0
11/06/2021 12:23,202104,WESTERN EUROPE-EU,BELGIUM,LIVERPOOL (JOHN LENNON),OSTEND,40,0,40,0,0,0,0
11/06/2021 12:23,202104,WESTERN EUROPE-EU,BELGIUM,MANCHESTER,BRUSSELS,1817,1817,0,0,0,0,0
11/06/2021 12:23,202104,WESTERN EUROPE-EU,BELGIUM,MANCHESTER,OSTEND,0,0,0,48,0,48,-100
11/06/2021 12:23,202104,WESTERN EUROPE-EU,CROATIA,HEATHROW,ZAGREB,622,590,32,224,224,0,177.678571
11/06/2021 12:23,202104,WESTERN EUROPE-EU,CYPRUS,GATWICK,PAPHOS,397,397,0,0,0,0,0
11/06/2021 12:23,202104,WESTERN EUROPE-EU,CYPRUS,HEATHROW,LARNACA,3631,3631,0,1919,1706,213,89.213132
11/06/2021 12:23,202104,WESTERN EUROPE-EU,CYPRUS,BIGGIN HILL,LARNACA,5,0,5,0,0,0,0
11/06/2021 12:23,202104,WESTERN EUROPE-EU,CYPRUS,BIRMINGHAM,LARNACA,0,0,0,116,116,0,-100
11/06/2021 12:23,202104,WESTERN EUROPE-EU,CYPRUS,BRISTOL,LARNACA,0,0,0,121,0,121,-100
11/06/2021 12:23,202104,WESTERN EUROPE-EU,CYPRUS,EDINBURGH,LARNACA,0,0,0,382,382,0,-100
11/06/2021 12:23,202104,WESTERN EUROPE-EU,CYPRUS,MANCHESTER,LARNACA,0,0,0,745,745,0,-100
11/06/2021 12:23,202104,WESTERN EUROPE-EU,DENMARK,HEATHROW,COPENHAGEN,4078,4078,0,999,999,0,308.208208
11/06/2021 12:23,202104,WESTERN EUROPE-EU,DENMARK,ABERDEEN,BILLUND,111,0,111,0,0,0,0
11/06/2021 12:23,202104,WESTERN EUROPE-EU,DENMARK,CARDIFF WALES,COPENHAGEN,27,0,27,0,0,0,0
11/06/2021 12:23,202104,WESTERN EUROPE-EU,DENMARK,EDINBURGH,BILLUND,19,0,19,0,0,0,0
11/06/2021 12:23,202104,WESTERN EUROPE-EU,DENMARK,HUMBERSIDE,BILLUND,170,0,170,0,0,0,0
11/06/2021 12:23,202104,WESTERN EUROPE-EU,DENMARK,MANCHESTER,BILLUND,12,12,0,97,0,97,-87.628866
11/06/2021 12:23,202104,WESTERN EUROPE-EU,FINLAND,HEATHROW,HELSINKI,5080,5080,0,3609,3609,0,40.759213
11/06/2021 12:23,202104,WESTERN EUROPE-EU,FINLAND,EDINBURGH,HELSINKI,133,133,0,0,0,0,0
11/06/2021 12:23,202104,WESTERN EUROPE-EU,FINLAND,MANCHESTER,HELSINKI,529,529,0,0,0,0,0
11/06/2021 12:23,202104,WESTERN EUROPE-EU,FRANCE,GATWICK,PARIS (ORLY),101,101,0,0,0,0,0
11/06/2021 12:23,202104,WESTERN EUROPE-EU,FRANCE,HEATHROW,CHATEAUROUX DEOLS,0,0,0,58,58,0,-100
11/06/2021 12:23,202104,WESTERN EUROPE-EU,FRANCE,HEATHROW,LYON,0,0,0,103,103,0,-100
11/06/2021 12:23,202104,WESTERN EUROPE-EU,FRANCE,HEATHROW,MARSEILLE,0,0,0,193,193,0,-100
11/06/2021 12:23,202104,WESTERN EUROPE-EU,FRANCE,HEATHROW,NICE,3315,3315,0,1138,1138,0,191.300527
11/06/2021 12:23,202104,WESTERN EUROPE-EU,FRANCE,HEATHROW,PARIS (CHARLES DE GAULLE),16903,16903,0,3578,3557,21,372.414757
11/06/2021 12:23,202104,WESTERN EUROPE-EU,FRANCE,HEATHROW,TOULOUSE (BLAGNAC),0,0,0,135,135,0,-100
11/06/2021 12:23,202104,WESTERN EUROPE-EU,FRANCE,BIGGIN HILL,NICE,2,0,2,0,0,0,0
11/06/2021 12:23,202104,WESTERN EUROPE-EU,FRANCE,BIGGIN HILL,PARIS (LE BOURGET),0,0,0,1,0,1,-100
11/06/2021 12:23,202104,WESTERN EUROPE-EU,FRANCE,BIRMINGHAM,CAEN,92,0,92,0,0,0,0
11/06/2021 12:23,202104,WESTERN EUROPE-EU,FRANCE,BIRMINGHAM,CLERMONT FERRAND,86,0,86,0,0,0,0
11/06/2021 12:23,202104,WESTERN EUROPE-EU,FRANCE,BIRMINGHAM,PARIS (CHARLES DE GAULLE),1704,1704,0,0,0,0,0
11/06/2021 12:23,202104,WESTERN EUROPE-EU,FRANCE,BRISTOL,BORDEAUX,96,0,96,0,0,0,0
11/06/2021 12:23,202104,WESTERN EUROPE-EU,FRANCE,BRISTOL,LA ROCHELLE,83,0,83,0,0,0,0
11/06/2021 12:23,202104,WESTERN EUROPE-EU,FRANCE,BRISTOL,MONTPELLIER,45,0,45,0,0,0,0
11/06/2021 12:23,202104,WESTERN EUROPE-EU,FRANCE,CARDIFF WALES,LORIENT,72,0,72,0,0,0,0
11/06/2021 12:23,202104,WESTERN EUROPE-EU,FRANCE,DONCASTER SHEFFIELD,PERPIGNAN,59,0,59,0,0,0,0
11/06/2021 12:23,202104,WESTERN EUROPE-EU,FRANCE,DONCASTER SHEFFIELD,TOULOUSE (BLAGNAC),105,0,105,0,0,0,0
11/06/2021 12:23,202104,WESTERN EUROPE-EU,FRANCE,EDINBURGH,PARIS (CHARLES DE GAULLE),482,482,0,425,425,0,13.411765
11/06/2021 12:23,202104,WESTERN EUROPE-EU,FRANCE,EDINBURGH,PARIS (LE BOURGET),91,0,91,0,0,0,0
11/06/2021 12:23,202104,WESTERN EUROPE-EU,FRANCE,EXETER,LYON,82,0,82,0,0,0,0
11/06/2021 12:23,202104,WESTERN EUROPE-EU,FRANCE,GLASGOW,MONTPELLIER,88,0,88,0,0,0,0
11/06/2021 12:23,202104,WESTERN EUROPE-EU,FRANCE,JERSEY,RENNES,112,0,112,0,0,0,0
11/06/2021 12:23,202104,WESTERN EUROPE-EU,FRANCE,LIVERPOOL (JOHN LENNON),PERPIGNAN,233,0,233,0,0,0,0
11/06/2021 12:23,202104,WESTERN EUROPE-EU,FRANCE,MANCHESTER,LA ROCHELLE,108,0,108,0,0,0,0
11/06/2021 12:23,202104,WESTERN EUROPE-EU,FRANCE,MANCHESTER,PARIS (CHARLES DE GAULLE),5332,5176,156,0,0,0,0
11/06/2021 12:23,202104,WESTERN EUROPE-EU,FRANCE,NEWCASTLE,PARIS (CHARLES DE GAULLE),350,350,0,0,0,0,0
11/06/2021 12:23,202104,WESTERN EUROPE-EU,GERMANY,GATWICK,BERLIN BRANDENBURG,938,938,0,0,0,0,0
11/06/2021 12:23,202104,WESTERN EUROPE-EU,GERMANY,GATWICK,MUNICH,45,0,45,0,0,0,0
11/06/2021 12:23,202104,WESTERN EUROPE-EU,GERMANY,HEATHROW,BERLIN (TEGEL),0,0,0,1406,1406,0,-100
11/06/2021 12:23,202104,WESTERN EUROPE-EU,GERMANY,HEATHROW,BERLIN BRANDENBURG,2019,2019,0,0,0,0,0
11/06/2021 12:23,202104,WESTERN EUROPE-EU,GERMANY,HEATHROW,DUSSELDORF,1740,1740,0,1307,1307,0,33.129304
11/06/2021 12:23,202104,WESTERN EUROPE-EU,GERMANY,HEATHROW,FRANKFURT MAIN,12922,12861,61,9413,9413,0,37.278232
11/06/2021 12:23,202104,WESTERN EUROPE-EU,GERMANY,HEATHROW,HAMBURG,1864,1864,0,0,0,0,0
11/06/2021 12:23,202104,WESTERN EUROPE-EU,GERMANY,HEATHROW,HANOVER,0,0,0,68,68,0,-100
11/06/2021 12:23,202104,WESTERN EUROPE-EU,GERMANY,HEATHROW,MUNICH,3779,3779,0,626,626,0,503.674121
11/06/2021 12:23,202104,WESTERN EUROPE-EU,GERMANY,HEATHROW,STUTTGART,686,686,0,0,0,0,0
11/06/2021 12:23,202104,WESTERN EUROPE-EU,GERMANY,LONDON CITY,DUSSELDORF,577,577,0,0,0,0,0
11/06/2021 12:23,202104,WESTERN EUROPE-EU,GERMANY,LONDON CITY,FRANKFURT MAIN,1033,1033,0,0,0,0,0
11/06/2021 12:23,202104,WESTERN EUROPE-EU,GERMANY,STANSTED,BERLIN BRANDENBURG,425,425,0,1139,1139,0,-62.686567
11/06/2021 12:23,202104,WESTERN EUROPE-EU,GERMANY,BIRMINGHAM,FRANKFURT MAIN,1558,1558,0,0,0,0,0
11/06/2021 12:23,202104,WESTERN EUROPE-EU,GERMANY,EDINBURGH,DUSSELDORF,0,0,0,67,67,0,-100
11/06/2021 12:23,202104,WESTERN EUROPE-EU,GERMANY,EDINBURGH,FRANKFURT MAIN,529,529,0,0,0,0,0
11/06/2021 12:23,202104,WESTERN EUROPE-EU,GERMANY,MANCHESTER,DORTMUND,202,0,202,0,0,0,0
11/06/2021 12:23,202104,WESTERN EUROPE-EU,GERMANY,MANCHESTER,DUSSELDORF,537,537,0,0,0,0,0
11/06/2021 12:23,202104,WESTERN EUROPE-EU,GERMANY,MANCHESTER,FRANKFURT MAIN,4228,4228,0,0,0,0,0
11/06/2021 12:23,202104,WESTERN EUROPE-EU,GERMANY,MANCHESTER,MUNICH,382,382,0,0,0,0,0
11/06/2021 12:23,202104,WESTERN EUROPE-EU,GERMANY,MANCHESTER,PADERBORN,63,0,63,0,0,0,0
11/06/2021 12:23,202104,WESTERN EUROPE-EU,GIBRALTAR,GATWICK,GIBRALTAR,981,981,0,0,0,0,0
11/06/2021 12:23,202104,WESTERN EUROPE-EU,GIBRALTAR,HEATHROW,GIBRALTAR,2630,2630,0,1077,1077,0,144.196843
11/06/2021 12:23,202104,WESTERN EUROPE-EU,GREECE,HEATHROW,ATHENS,10019,10019,0,257,0,257,3798.44358
11/06/2021 12:23,202104,WESTERN EUROPE-EU,GREECE,LUTON,HERAKLION,171,171,0,0,0,0,0
11/06/2021 12:23,202104,WESTERN EUROPE-EU,GREECE,LUTON,SALONIKA,536,536,0,0,0,0,0
11/06/2021 12:23,202104,WESTERN EUROPE-EU,GREECE,STANSTED,ATHENS,1184,1184,0,30,0,30,3846.666667
11/06/2021 12:23,202104,WESTERN EUROPE-EU,GREECE,EDINBURGH,ATHENS,75,75,0,0,0,0,0
11/06/2021 12:23,202104,WESTERN EUROPE-EU,IRISH REPUBLIC,GATWICK,DUBLIN,0,0,0,1529,1529,0,-100
11/06/2021 12:23,202104,WESTERN EUROPE-EU,IRISH REPUBLIC,HEATHROW,CORK,2369,2369,0,732,732,0,223.63388
11/06/2021 12:23,202104,WESTERN EUROPE-EU,IRISH REPUBLIC,HEATHROW,DUBLIN,14224,14224,0,4233,4233,0,236.026459
11/06/2021 12:23,202104,WESTERN EUROPE-EU,IRISH REPUBLIC,HEATHROW,SHANNON,0,0,0,83,83,0,-100
11/06/2021 12:23,202104,WESTERN EUROPE-EU,IRISH REPUBLIC,STANSTED,CORK,0,0,0,398,398,0,-100
11/06/2021 12:23,202104,WESTERN EUROPE-EU,IRISH REPUBLIC,STANSTED,DUBLIN,7342,7342,0,1165,1160,5,530.214592
11/06/2021 12:23,202104,WESTERN EUROPE-EU,IRISH REPUBLIC,BIRMINGHAM,DUBLIN,1802,1802,0,526,526,0,242.585551
11/06/2021 12:23,202104,WESTERN EUROPE-EU,IRISH REPUBLIC,BIRMINGHAM,SHANNON,78,0,78,0,0,0,0
11/06/2021 12:23,202104,WESTERN EUROPE-EU,IRISH REPUBLIC,BRISTOL,DUBLIN,0,0,0,236,236,0,-100
11/06/2021 12:23,202104,WESTERN EUROPE-EU,IRISH REPUBLIC,CARDIFF WALES,DUBLIN,100,0,100,0,0,0,0
11/06/2021 12:23,202104,WESTERN EUROPE-EU,IRISH REPUBLIC,EDINBURGH,DUBLIN,1956,1956,0,280,280,0,598.571429
11/06/2021 12:23,202104,WESTERN EUROPE-EU,IRISH REPUBLIC,EXETER,DUBLIN,90,0,90,0,0,0,0
11/06/2021 12:23,202104,WESTERN EUROPE-EU,IRISH REPUBLIC,GLASGOW,DUBLIN,518,518,0,320,320,0,61.875
11/06/2021 12:23,202104,WESTERN EUROPE-EU,IRISH REPUBLIC,GUERNSEY,DUBLIN,7,0,7,0,0,0,0
11/06/2021 12:23,202104,WESTERN EUROPE-EU,IRISH REPUBLIC,MANCHESTER,DUBLIN,3657,3657,0,786,786,0,365.267176
11/06/2021 12:23,202104,WESTERN EUROPE-EU,ITALY,GATWICK,FLORENCE,73,73,0,0,0,0,0
11/06/2021 12:23,202104,WESTERN EUROPE-EU,ITALY,GATWICK,MILAN (MALPENSA),822,822,0,0,0,0,0
11/06/2021 12:23,202104,WESTERN EUROPE-EU,ITALY,GATWICK,ROME (FIUMICINO),55,55,0,0,0,0,0
11/06/2021 12:23,202104,WESTERN EUROPE-EU,ITALY,GATWICK,VENICE,387,387,0,0,0,0,0
11/06/2021 12:23,202104,WESTERN EUROPE-EU,ITALY,HEATHROW,BOLOGNA,72,0,72,0,0,0,0
11/06/2021 12:23,202104,WESTERN EUROPE-EU,ITALY,HEATHROW,CATANIA (FONTANAROSSA),24,0,24,0,0,0,0
11/06/2021 12:23,202104,WESTERN EUROPE-EU,ITALY,HEATHROW,MILAN (LINATE),6355,6355,0,0,0,0,0
11/06/2021 12:23,202104,WESTERN EUROPE-EU,ITALY,HEATHROW,PALERMO,24,0,24,0,0,0,0
11/06/2021 12:23,202104,WESTERN EUROPE-EU,ITALY,HEATHROW,ROME (FIUMICINO),9937,9627,310,9583,9583,0,3.694042
11/06/2021 12:23,202104,WESTERN EUROPE-EU,ITALY,HEATHROW,VENICE,907,907,0,0,0,0,0
11/06/2021 12:23,202104,WESTERN EUROPE-EU,ITALY,LUTON,CATANIA (FONTANAROSSA),172,172,0,0,0,0,0
11/06/2021 12:23,202104,WESTERN EUROPE-EU,ITALY,LUTON,MILAN (MALPENSA),2318,2318,0,0,0,0,0
11/06/2021 12:23,202104,WESTERN EUROPE-EU,ITALY,STANSTED,BERGAMO,2718,2718,0,0,0,0,0
11/06/2021 12:23,202104,WESTERN EUROPE-EU,ITALY,STANSTED,BOLOGNA,629,629,0,0,0,0,0
11/06/2021 12:23,202104,WESTERN EUROPE-EU,ITALY,STANSTED,MILAN (MALPENSA),906,906,0,0,0,0,0
11/06/2021 12:23,202104,WESTERN EUROPE-EU,ITALY,STANSTED,NAPLES,827,827,0,0,0,0,0
11/06/2021 12:23,202104,WESTERN EUROPE-EU,ITALY,STANSTED,PISA,534,534,0,0,0,0,0
11/06/2021 12:23,202104,WESTERN EUROPE-EU,ITALY,STANSTED,ROME (CIAMPINO),2029,2029,0,0,0,0,0
11/06/2021 12:23,202104,WESTERN EUROPE-EU,ITALY,STANSTED,VENICE,692,692,0,0,0,0,0
11/06/2021 12:23,202104,WESTERN EUROPE-EU,ITALY,ABERDEEN,CATANIA (FONTANAROSSA),17,0,17,0,0,0,0
11/06/2021 12:23,202104,WESTERN EUROPE-EU,ITALY,BIRMINGHAM,BOLOGNA,135,0,135,0,0,0,0
11/06/2021 12:23,202104,WESTERN EUROPE-EU,ITALY,BRISTOL,PARMA,88,0,88,0,0,0,0
11/06/2021 12:23,202104,WESTERN EUROPE-EU,ITALY,EDINBURGH,MILAN (MALPENSA),0,0,0,79,0,79,-100
11/06/2021 12:23,202104,WESTERN EUROPE-EU,ITALY,EDINBURGH,PARMA,82,0,82,0,0,0,0
11/06/2021 12:23,202104,WESTERN EUROPE-EU,ITALY,GLASGOW,BOLOGNA,68,0,68,0,0,0,0
11/06/2021 12:23,202104,WESTERN EUROPE-EU,ITALY,GLASGOW,VENICE,90,0,90,0,0,0,0
11/06/2021 12:23,202104,WESTERN EUROPE-EU,ITALY,GUERNSEY,BOLOGNA,2,0,2,0,0,0,0
11/06/2021 12:23,202104,WESTERN EUROPE-EU,ITALY,MANCHESTER,BERGAMO,1247,1247,0,0,0,0,0
11/06/2021 12:23,202104,WESTERN EUROPE-EU,ITALY,MANCHESTER,ROME (CIAMPINO),493,493,0,0,0,0,0
11/06/2021 12:23,202104,WESTERN EUROPE-EU,ITALY,MANCHESTER,ROME (FIUMICINO),154,0,154,0,0,0,0
11/06/2021 12:23,202104,WESTERN EUROPE-EU,ITALY,OXFORD (KIDLINGTON),BOLOGNA,110,110,0,0,0,0,0
11/06/2021 12:23,202104,WESTERN EUROPE-EU,LUXEMBOURG,LONDON CITY,LUXEMBOURG,950,950,0,0,0,0,0
11/06/2021 12:23,202104,WESTERN EUROPE-EU,MALTA,HEATHROW,MALTA,1147,1147,0,869,869,0,31.990794
11/06/2021 12:23,202104,WESTERN EUROPE-EU,NETHERLANDS,HEATHROW,AMSTERDAM,15526,15526,0,5909,5909,0,162.751735
11/06/2021 12:23,202104,WESTERN EUROPE-EU,NETHERLANDS,LONDON CITY,AMSTERDAM,2343,2343,0,0,0,0,0
11/06/2021 12:23,202104,WESTERN EUROPE-EU,NETHERLANDS,STANSTED,EINDHOVEN,171,171,0,451,451,0,-62.084257
11/06/2021 12:23,202104,WESTERN EUROPE-EU,NETHERLANDS,ABERDEEN,AMSTERDAM,4306,4306,0,1751,1751,0,145.916619
11/06/2021 12:23,202104,WESTERN EUROPE-EU,NETHERLANDS,BELFAST CITY (GEORGE BEST),AMSTERDAM,404,404,0,0,0,0,0
11/06/2021 12:23,202104,WESTERN EUROPE-EU,NETHERLANDS,BIRMINGHAM,AMSTERDAM,3338,3338,0,801,801,0,316.729089
11/06/2021 12:23,202104,WESTERN EUROPE-EU,NETHERLANDS,BRISTOL,AMSTERDAM,221,221,0,0,0,0,0
11/06/2021 12:23,202104,WESTERN EUROPE-EU,NETHERLANDS,CARDIFF WALES,AMSTERDAM,45,45,0,0,0,0,0
11/06/2021 12:23,202104,WESTERN EUROPE-EU,NETHERLANDS,EDINBURGH,AMSTERDAM,3034,3034,0,178,178,0,1604.494382
11/06/2021 12:23,202104,WESTERN EUROPE-EU,NETHERLANDS,GLASGOW,AMSTERDAM,1616,1616,0,1198,1198,0,34.891486
11/06/2021 12:23,202104,WESTERN EUROPE-EU,NETHERLANDS,LEEDS BRADFORD,AMSTERDAM,146,146,0,0,0,0,0
11/06/2021 12:23,202104,WESTERN EUROPE-EU,NETHERLANDS,MANCHESTER,AMSTERDAM,9753,9753,0,2299,2299,0,324.227925
11/06/2021 12:23,202104,WESTERN EUROPE-EU,NETHERLANDS,MANCHESTER,GRONINGEN,0,0,0,10,0,10,-100
11/06/2021 12:23,202104,WESTERN EUROPE-EU,NETHERLANDS,NEWCASTLE,AMSTERDAM,4415,4415,0,895,895,0,393.296089
11/06/2021 12:23,202104,WESTERN EUROPE-EU,PORTUGAL(EXCLUDING MADEIRA),HEATHROW,FARO,258,258,0,0,0,0,0
11/06/2021 12:23,202104,WESTERN EUROPE-EU,PORTUGAL(EXCLUDING MADEIRA),HEATHROW,LISBON,5186,5186,0,2041,2041,0,154.091132
11/06/2021 12:23,202104,WESTERN EUROPE-EU,PORTUGAL(EXCLUDING MADEIRA),LUTON,FARO,115,0,115,0,0,0,0
11/06/2021 12:23,202104,WESTERN EUROPE-EU,PORTUGAL(EXCLUDING MADEIRA),STANSTED,LISBON,1125,1125,0,2543,2543,0,-55.760912
11/06/2021 12:23,202104,WESTERN EUROPE-EU,PORTUGAL(EXCLUDING MADEIRA),STANSTED,OPORTO (PORTUGAL),1349,1349,0,0,0,0,0
11/06/2021 12:23,202104,WESTERN EUROPE-EU,PORTUGAL(EXCLUDING MADEIRA),MANCHESTER,FARO,204,204,0,0,0,0,0
11/06/2021 12:23,202104,WESTERN EUROPE-EU,PORTUGAL(EXCLUDING MADEIRA),MANCHESTER,LISBON,448,448,0,0,0,0,0
11/06/2021 12:23,202104,WESTERN EUROPE-EU,SLOVENIA,LUTON,LJUBLJANA,0,0,0,133,133,0,-100
11/06/2021 12:23,202104,WESTERN EUROPE-EU,SLOVENIA,STANSTED,LJUBLJANA,67,0,67,0,0,0,0
11/06/2021 12:23,202104,WESTERN EUROPE-EU,SPAIN,GATWICK,ALICANTE,1064,1064,0,0,0,0,0
11/06/2021 12:23,202104,WESTERN EUROPE-EU,SPAIN,GATWICK,BARCELONA,5154,5154,0,724,724,0,611.878453
11/06/2021 12:23,202104,WESTERN EUROPE-EU,SPAIN,GATWICK,BILBAO,452,452,0,0,0,0,0
11/06/2021 12:23,202104,WESTERN EUROPE-EU,SPAIN,GATWICK,MADRID,4508,4448,60,0,0,0,0
11/06/2021 12:23,202104,WESTERN EUROPE-EU,SPAIN,GATWICK,MALAGA,1012,1012,0,0,0,0,0
11/06/2021 12:23,202104,WESTERN EUROPE-EU,SPAIN,GATWICK,PALMA DE MALLORCA,477,477,0,0,0,0,0
11/06/2021 12:23,202104,WESTERN EUROPE-EU,SPAIN,GATWICK,SEVILLE,57,0,57,0,0,0,0
11/06/2021 12:23,202104,WESTERN EUROPE-EU,SPAIN,HEATHROW,BARCELONA,1568,1568,0,3102,3102,0,-49.451966
11/06/2021 12:23,202104,WESTERN EUROPE-EU,SPAIN,HEATHROW,MADRID,17410,17410,0,4205,4075,130,314.030916
11/06/2021 12:23,202104,WESTERN EUROPE-EU,SPAIN,HEATHROW,MALAGA,1884,1884,0,36,36,0,5133.333333
11/06/2021 12:23,202104,WESTERN EUROPE-EU,SPAIN,HEATHROW,PALMA DE MALLORCA,70,70,0,0,0,0,0
11/06/2021 12:23,202104,WESTERN EUROPE-EU,SPAIN,HEATHROW,VALENCIA,366,0,366,139,139,0,163.309353
11/06/2021 12:23,202104,WESTERN EUROPE-EU,SPAIN,LUTON,ALICANTE,1251,1251,0,0,0,0,0
11/06/2021 12:23,202104,WESTERN EUROPE-EU,SPAIN,LUTON,MALAGA,1472,1472,0,0,0,0,0
11/06/2021 12:23,202104,WESTERN EUROPE-EU,SPAIN,LUTON,PALMA DE MALLORCA,376,376,0,0,0,0,0
11/06/2021 12:23,202104,WESTERN EUROPE-EU,SPAIN,STANSTED,ALICANTE,836,836,0,0,0,0,0
11/06/2021 12:23,202104,WESTERN EUROPE-EU,SPAIN,STANSTED,BARCELONA,1524,1411,113,0,0,0,0
11/06/2021 12:23,202104,WESTERN EUROPE-EU,SPAIN,STANSTED,MADRID,1401,1401,0,0,0,0,0
11/06/2021 12:23,202104,WESTERN EUROPE-EU,SPAIN,STANSTED,MALAGA,796,796,0,0,0,0,0
11/06/2021 12:23,202104,WESTERN EUROPE-EU,SPAIN,STANSTED,PALMA DE MALLORCA,674,674,0,0,0,0,0
11/06/2021 12:23,202104,WESTERN EUROPE-EU,SPAIN,STANSTED,SEVILLE,581,581,0,0,0,0,0
11/06/2021 12:23,202104,WESTERN EUROPE-EU,SPAIN,BIRMINGHAM,ALICANTE,845,845,0,0,0,0,0
11/06/2021 12:23,202104,WESTERN EUROPE-EU,SPAIN,BRISTOL,ALICANTE,327,327,0,0,0,0,0
11/06/2021 12:23,202104,WESTERN EUROPE-EU,SPAIN,CARDIFF WALES,ALICANTE,49,49,0,0,0,0,0
11/06/2021 12:23,202104,WESTERN EUROPE-EU,SPAIN,HUMBERSIDE,A CORUNA,0,0,0,33,0,33,-100
11/06/2021 12:23,202104,WESTERN EUROPE-EU,SPAIN,LIVERPOOL (JOHN LENNON),ALICANTE,347,347,0,0,0,0,0
11/06/2021 12:23,202104,WESTERN EUROPE-EU,SPAIN,LIVERPOOL (JOHN LENNON),MADRID,283,0,283,0,0,0,0
11/06/2021 12:23,202104,WESTERN EUROPE-EU,SPAIN,LIVERPOOL (JOHN LENNON),MALAGA,268,268,0,0,0,0,0
11/06/2021 12:23,202104,WESTERN EUROPE-EU,SPAIN,LIVERPOOL (JOHN LENNON),PALMA DE MALLORCA,15,15,0,0,0,0,0
11/06/2021 12:23,202104,WESTERN EUROPE-EU,SPAIN,MANCHESTER,ALICANTE,1865,1865,0,0,0,0,0
11/06/2021 12:23,202104,WESTERN EUROPE-EU,SPAIN,MANCHESTER,BARCELONA,1310,1310,0,0,0,0,0
11/06/2021 12:23,202104,WESTERN EUROPE-EU,SPAIN,MANCHESTER,GRANADA,244,0,244,0,0,0,0
11/06/2021 12:23,202104,WESTERN EUROPE-EU,SPAIN,MANCHESTER,MALAGA,1484,1484,0,0,0,0,0
11/06/2021 12:23,202104,WESTERN EUROPE-EU,SPAIN,MANCHESTER,PALMA DE MALLORCA,630,630,0,0,0,0,0
11/06/2021 12:23,202104,WESTERN EUROPE-EU,SPAIN,NEWCASTLE,ALICANTE,273,273,0,0,0,0,0
11/06/2021 12:23,202104,WESTERN EUROPE-EU,SPAIN(CANARY ISLANDS),GATWICK,ARRECIFE,199,199,0,0,0,0,0
11/06/2021 12:23,202104,WESTERN EUROPE-EU,SPAIN(CANARY ISLANDS),GATWICK,TENERIFE (SURREINA SOFIA),256,256,0,0,0,0,0
11/06/2021 12:23,202104,WESTERN EUROPE-EU,SPAIN(CANARY ISLANDS),HEATHROW,LAS PALMAS,0,0,0,43,0,43,-100
11/06/2021 12:23,202104,WESTERN EUROPE-EU,SPAIN(CANARY ISLANDS),HEATHROW,TENERIFE (SURREINA SOFIA),56,56,0,0,0,0,0
11/06/2021 12:23,202104,WESTERN EUROPE-EU,SPAIN(CANARY ISLANDS),LUTON,TENERIFE (SURREINA SOFIA),427,427,0,0,0,0,0
11/06/2021 12:23,202104,WESTERN EUROPE-EU,SPAIN(CANARY ISLANDS),STANSTED,ARRECIFE,419,419,0,0,0,0,0
11/06/2021 12:23,202104,WESTERN EUROPE-EU,SPAIN(CANARY ISLANDS),STANSTED,LAS PALMAS,0,0,0,297,0,297,-100
11/06/2021 12:23,202104,WESTERN EUROPE-EU,SPAIN(CANARY ISLANDS),STANSTED,TENERIFE (SURREINA SOFIA),568,568,0,0,0,0,0
11/06/2021 12:23,202104,WESTERN EUROPE-EU,SPAIN(CANARY ISLANDS),ABERDEEN,LAS PALMAS,0,0,0,88,0,88,-100
11/06/2021 12:23,202104,WESTERN EUROPE-EU,SPAIN(CANARY ISLANDS),EDINBURGH,TENERIFE (SURREINA SOFIA),25,25,0,0,0,0,0
11/06/2021 12:23,202104,WESTERN EUROPE-EU,SPAIN(CANARY ISLANDS),MANCHESTER,ARRECIFE,406,406,0,0,0,0,0
11/06/2021 12:23,202104,WESTERN EUROPE-EU,SPAIN(CANARY ISLANDS),MANCHESTER,TENERIFE (SURREINA SOFIA),856,856,0,0,0,0,0
11/06/2021 12:23,202104,WESTERN EUROPE-EU,SWEDEN,HEATHROW,GOTEBORG (LANDVETTER),0,0,0,300,300,0,-100
11/06/2021 12:23,202104,WESTERN EUROPE-EU,SWEDEN,HEATHROW,STOCKHOLM (ARLANDA),4117,4117,0,1436,1436,0,186.699164
11/06/2021 12:23,202104,WESTERN EUROPE-EU,SWEDEN,ABERDEEN,RONNEBY,8,0,8,0,0,0,0
11/06/2021 12:23,202104,WESTERN EUROPE-OTHER,BOSNIA-HERZEGOVINA,HEATHROW,SARAJEVO,0,0,0,149,0,149,-100
11/06/2021 12:23,202104,WESTERN EUROPE-OTHER,ICELAND,HEATHROW,KEFLAVIK,523,523,0,912,912,0,-42.653509
11/06/2021 12:23,202104,WESTERN EUROPE-OTHER,ICELAND,LUTON,KEFLAVIK,192,192,0,0,0,0,0
11/06/2021 12:23,202104,WESTERN EUROPE-OTHER,ICELAND,DONCASTER SHEFFIELD,KEFLAVIK,0,0,0,5,0,5,-100
11/06/2021 12:23,202104,WESTERN EUROPE-OTHER,KOSOVO,LUTON,PRISTINA,319,319,0,0,0,0,0
11/06/2021 12:23,202104,WESTERN EUROPE-OTHER,KOSOVO,STANSTED,PRISTINA,0,0,0,112,0,112,-100
11/06/2021 12:23,202104,WESTERN EUROPE-OTHER,MACEDONIA,LUTON,SKOPJE,2599,2599,0,190,0,190,1267.894737
11/06/2021 12:23,202104,WESTERN EUROPE-OTHER,MACEDONIA,BIGGIN HILL,SKOPJE,2,0,2,0,0,0,0
11/06/2021 12:23,202104,WESTERN EUROPE-OTHER,NORWAY,HEATHROW,OSLO (GARDERMOEN),1918,1918,0,356,356,0,438.764045
11/06/2021 12:23,202104,WESTERN EUROPE-OTHER,NORWAY,STANSTED,OSLO (GARDERMOEN),0,0,0,77,77,0,-100
11/06/2021 12:23,202104,WESTERN EUROPE-OTHER,NORWAY,ABERDEEN,ALESUND,0,0,0,51,0,51,-100
11/06/2021 12:23,202104,WESTERN EUROPE-OTHER,NORWAY,ABERDEEN,BERGEN,866,866,0,1975,1966,9,-56.151899
11/06/2021 12:23,202104,WESTERN EUROPE-OTHER,NORWAY,ABERDEEN,FLORO,0,0,0,52,0,52,-100
11/06/2021 12:23,202104,WESTERN EUROPE-OTHER,NORWAY,ABERDEEN,KRISTIANSUND (KUERNBERGET),0,0,0,21,0,21,-100
11/06/2021 12:23,202104,WESTERN EUROPE-OTHER,NORWAY,ABERDEEN,OSLO (GARDERMOEN),0,0,0,29,0,29,-100
11/06/2021 12:23,202104,WESTERN EUROPE-OTHER,NORWAY,ABERDEEN,STAVANGER,1011,1011,0,0,0,0,0
11/06/2021 12:23,202104,WESTERN EUROPE-OTHER,NORWAY,EDINBURGH,BERGEN,0,0,0,44,0,44,-100
11/06/2021 12:23,202104,WESTERN EUROPE-OTHER,NORWAY,LIVERPOOL (JOHN LENNON),BERGEN,0,0,0,105,105,0,-100
11/06/2021 12:23,202104,WESTERN EUROPE-OTHER,REPUBLIC OF SERBIA,HEATHROW,BELGRADE,1128,1128,0,105,0,105,974.285714
11/06/2021 12:23,202104,WESTERN EUROPE-OTHER,REPUBLIC OF SERBIA,LUTON,BELGRADE,638,638,0,0,0,0,0
11/06/2021 12:23,202104,WESTERN EUROPE-OTHER,SWITZERLAND,GATWICK,BALE MULHOUSE,843,843,0,0,0,0,0
11/06/2021 12:23,202104,WESTERN EUROPE-OTHER,SWITZERLAND,GATWICK,GENEVA,2542,2542,0,0,0,0,0
11/06/2021 12:23,202104,WESTERN EUROPE-OTHER,SWITZERLAND,HEATHROW,GENEVA,3261,3261,0,1255,1255,0,159.840637
11/06/2021 12:23,202104,WESTERN EUROPE-OTHER,SWITZERLAND,HEATHROW,ZURICH,7961,7961,0,2101,2101,0,278.914802
11/06/2021 12:23,202104,WESTERN EUROPE-OTHER,SWITZERLAND,BIRMINGHAM,GENEVA,132,132,0,0,0,0,0
11/06/2021 12:23,202104,WESTERN EUROPE-OTHER,SWITZERLAND,MANCHESTER,GENEVA,198,198,0,0,0,0,0
11/06/2021 12:23,202104,WESTERN EUROPE-OTHER,SWITZERLAND,MANCHESTER,ZURICH,505,505,0,35,35,0,1342.857143
11/06/2021 12:23,202104,WESTERN EUROPE-OTHER,TURKEY,HEATHROW,ANKARA (ESENBOGA),0,0,0,679,679,0,-100
11/06/2021 12:23,202104,WESTERN EUROPE-OTHER,TURKEY,HEATHROW,ISTANBUL,29441,29441,0,717,717,0,4006.136681
11/06/2021 12:23,202104,WESTERN EUROPE-OTHER,TURKEY,STANSTED,ANTALYA,0,0,0,224,0,224,-100
11/06/2021 12:23,202104,WESTERN EUROPE-OTHER,TURKEY,STANSTED,DALAMAN,0,0,0,163,163,0,-100
11/06/2021 12:23,202104,WESTERN EUROPE-OTHER,TURKEY,STANSTED,ISTANBUL,0,0,0,164,0,164,-100
11/06/2021 12:23,202104,WESTERN EUROPE-OTHER,TURKEY,STANSTED,ISTANBUL (SABIHA GOKCEN),7603,7603,0,0,0,0,0
11/06/2021 12:23,202104,WESTERN EUROPE-OTHER,TURKEY,BIRMINGHAM,ISTANBUL,3518,3518,0,0,0,0,0
11/06/2021 12:23,202104,WESTERN EUROPE-OTHER,TURKEY,MANCHESTER,ISTANBUL,11096,11096,0,0,0,0,0
11/06/2021 12:23,202104,WESTERN EUROPE-OTHER,TURKEY,MANCHESTER,ISTANBUL (SABIHA GOKCEN),3777,3777,0,0,0,0,0
11/06/2021 12:23,202104,EASTERN EUROPE-EU,BULGARIA,GATWICK,SOFIA,1253,1175,78,968,968,0,29.442149
11/06/2021 12:23,202104,EASTERN EUROPE-EU,BULGARIA,HEATHROW,SOFIA,1623,1623,0,2775,2368,407,-41.513514
11/06/2021 12:23,202104,EASTERN EUROPE-EU,BULGARIA,LUTON,BURGAS,925,925,0,0,0,0,0
11/06/2021 12:23,202104,EASTERN EUROPE-EU,BULGARIA,LUTON,SOFIA,10003,10003,0,6240,6240,0,60.304487
11/06/2021 12:23,202104,EASTERN EUROPE-EU,BULGARIA,LUTON,VARNA,2882,2882,0,0,0,0,0
11/06/2021 12:23,202104,EASTERN EUROPE-EU,BULGARIA,STANSTED,SOFIA,8066,8066,0,179,0,179,4406.145251
11/06/2021 12:23,202104,EASTERN EUROPE-EU,BULGARIA,ABERDEEN,VARNA,0,0,0,163,0,163,-100
11/06/2021 12:23,202104,EASTERN EUROPE-EU,BULGARIA,BELFAST INTERNATIONAL,SOFIA,61,0,61,0,0,0,0
11/06/2021 12:23,202104,EASTERN EUROPE-EU,BULGARIA,LIVERPOOL (JOHN LENNON),VARNA,238,238,0,0,0,0,0
11/06/2021 12:23,202104,EASTERN EUROPE-EU,CZECH REPUBLIC,STANSTED,PRAGUE,2684,2684,0,0,0,0,0
11/06/2021 12:23,202104,EASTERN EUROPE-EU,ESTONIA,GATWICK,TALLIN,513,513,0,0,0,0,0
11/06/2021 12:23,202104,EASTERN EUROPE-EU,HUNGARY,GATWICK,BUDAPEST,0,0,0,726,726,0,-100
11/06/2021 12:23,202104,EASTERN EUROPE-EU,HUNGARY,HEATHROW,BUDAPEST,0,0,0,535,535,0,-100
11/06/2021 12:23,202104,EASTERN EUROPE-EU,HUNGARY,LUTON,BUDAPEST,4273,4273,0,2158,2158,0,98.007414
11/06/2021 12:23,202104,EASTERN EUROPE-EU,HUNGARY,STANSTED,BUDAPEST,1505,1505,0,482,482,0,212.240664
11/06/2021 12:23,202104,EASTERN EUROPE-EU,HUNGARY,MANCHESTER,BUDAPEST,833,833,0,0,0,0,0
11/06/2021 12:23,202104,EASTERN EUROPE-EU,LATVIA,GATWICK,RIGA,1677,1677,0,0,0,0,0
11/06/2021 12:23,202104,EASTERN EUROPE-EU,LATVIA,LUTON,RIGA,336,336,0,0,0,0,0
11/06/2021 12:23,202104,EASTERN EUROPE-EU,LATVIA,STANSTED,RIGA,1067,1067,0,0,0,0,0
11/06/2021 12:23,202104,EASTERN EUROPE-EU,LATVIA,ABERDEEN,RIGA,0,0,0,132,0,132,-100
11/06/2021 12:23,202104,EASTERN EUROPE-EU,LATVIA,BIGGIN HILL,RIGA,2,0,2,0,0,0,0
11/06/2021 12:23,202104,EASTERN EUROPE-EU,LITHUANIA,GATWICK,VILNIUS,22,22,0,0,0,0,0
11/06/2021 12:23,202104,EASTERN EUROPE-EU,LITHUANIA,LONDON CITY,VILNIUS,1374,1374,0,0,0,0,0
11/06/2021 12:23,202104,EASTERN EUROPE-EU,LITHUANIA,LUTON,KAUNAS,2625,2625,0,0,0,0,0
11/06/2021 12:23,202104,EASTERN EUROPE-EU,LITHUANIA,LUTON,VILNIUS,1651,1651,0,0,0,0,0
11/06/2021 12:23,202104,EASTERN EUROPE-EU,LITHUANIA,STANSTED,KAUNAS,96,96,0,0,0,0,0
11/06/2021 12:23,202104,EASTERN EUROPE-EU,LITHUANIA,STANSTED,VILNIUS,0,0,0,235,0,235,-100
11/06/2021 12:23,202104,EASTERN EUROPE-EU,LITHUANIA,BIGGIN HILL,VILNIUS,2,0,2,0,0,0,0
11/06/2021 12:23,202104,EASTERN EUROPE-EU,LITHUANIA,BIRMINGHAM,VILNIUS,141,141,0,0,0,0,0
11/06/2021 12:23,202104,EASTERN EUROPE-EU,POLAND,GATWICK,WARSAW (CHOPIN),151,0,151,40,0,40,277.5
11/06/2021 12:23,202104,EASTERN EUROPE-EU,POLAND,HEATHROW,WARSAW (CHOPIN),3509,3509,0,4284,0,4284,-18.09057
11/06/2021 12:23,202104,EASTERN EUROPE-EU,POLAND,LUTON,GDANSK,2499,2499,0,0,0,0,0
11/06/2021 12:23,202104,EASTERN EUROPE-EU,POLAND,LUTON,KATOWICE,1377,1377,0,0,0,0,0
11/06/2021 12:23,202104,EASTERN EUROPE-EU,POLAND,LUTON,KRAKOW,2648,2648,0,0,0,0,0
11/06/2021 12:23,202104,EASTERN EUROPE-EU,POLAND,LUTON,LUBLIN (PORT LOTNICZY),892,892,0,0,0,0,0
11/06/2021 12:23,202104,EASTERN EUROPE-EU,POLAND,LUTON,POZNAN,1378,1378,0,0,0,0,0
11/06/2021 12:23,202104,EASTERN EUROPE-EU,POLAND,LUTON,WARSAW (CHOPIN),3307,3307,0,0,0,0,0
11/06/2021 12:23,202104,EASTERN EUROPE-EU,POLAND,LUTON,WROCLAW,1423,1423,0,0,0,0,0
11/06/2021 12:23,202104,EASTERN EUROPE-EU,POLAND,STANSTED,GDANSK,1154,1154,0,0,0,0,0
11/06/2021 12:23,202104,EASTERN EUROPE-EU,POLAND,STANSTED,KATOWICE,1047,1047,0,0,0,0,0
11/06/2021 12:23,202104,EASTERN EUROPE-EU,POLAND,STANSTED,KRAKOW,2283,2283,0,0,0,0,0
11/06/2021 12:23,202104,EASTERN EUROPE-EU,POLAND,STANSTED,POZNAN,1172,1172,0,0,0,0,0
11/06/2021 12:23,202104,EASTERN EUROPE-EU,POLAND,STANSTED,WARSAW (MODLIN MASOVIA),2570,2570,0,0,0,0,0
11/06/2021 12:23,202104,EASTERN EUROPE-EU,POLAND,STANSTED,WROCLAW,1229,1229,0,0,0,0,0
11/06/2021 12:23,202104,EASTERN EUROPE-EU,POLAND,ABERDEEN,GDANSK,0,0,0,200,0,200,-100
11/06/2021 12:23,202104,EASTERN EUROPE-EU,POLAND,ABERDEEN,WARSAW (CHOPIN),0,0,0,58,0,58,-100
11/06/2021 12:23,202104,EASTERN EUROPE-EU,POLAND,BIRMINGHAM,WARSAW (CHOPIN),185,185,0,0,0,0,0
11/06/2021 12:23,202104,EASTERN EUROPE-EU,POLAND,BIRMINGHAM,WROCLAW,133,133,0,0,0,0,0
11/06/2021 12:23,202104,EASTERN EUROPE-EU,POLAND,BRISTOL,KRAKOW,398,398,0,0,0,0,0
11/06/2021 12:23,202104,EASTERN EUROPE-EU,POLAND,BRISTOL,WARSAW (MODLIN MASOVIA),362,362,0,0,0,0,0
11/06/2021 12:23,202104,EASTERN EUROPE-EU,POLAND,DONCASTER SHEFFIELD,GDANSK,119,119,0,0,0,0,0
11/06/2021 12:23,202104,EASTERN EUROPE-EU,POLAND,DONCASTER SHEFFIELD,KATOWICE,135,135,0,0,0,0,0
11/06/2021 12:23,202104,EASTERN EUROPE-EU,POLAND,DONCASTER SHEFFIELD,WARSAW (CHOPIN),789,789,0,0,0,0,0
11/06/2021 12:23,202104,EASTERN EUROPE-EU,POLAND,EDINBURGH,KRAKOW,380,380,0,0,0,0,0
11/06/2021 12:23,202104,EASTERN EUROPE-EU,POLAND,EDINBURGH,WARSAW (CHOPIN),0,0,0,252,0,252,-100
11/06/2021 12:23,202104,EASTERN EUROPE-EU,POLAND,JERSEY,WARSAW (CHOPIN),0,0,0,117,0,117,-100
11/06/2021 12:23,202104,EASTERN EUROPE-EU,POLAND,LIVERPOOL (JOHN LENNON),GDANSK,97,97,0,0,0,0,0
11/06/2021 12:23,202104,EASTERN EUROPE-EU,POLAND,LIVERPOOL (JOHN LENNON),KRAKOW,374,374,0,0,0,0,0
11/06/2021 12:23,202104,EASTERN EUROPE-EU,POLAND,LIVERPOOL (JOHN LENNON),WARSAW (CHOPIN),151,151,0,0,0,0,0
11/06/2021 12:23,202104,EASTERN EUROPE-EU,POLAND,LIVERPOOL (JOHN LENNON),WARSAW (MODLIN MASOVIA),370,370,0,0,0,0,0
11/06/2021 12:23,202104,EASTERN EUROPE-EU,POLAND,MANCHESTER,GDANSK,395,395,0,0,0,0,0
11/06/2021 12:23,202104,EASTERN EUROPE-EU,POLAND,MANCHESTER,KRAKOW,1622,1622,0,0,0,0,0
11/06/2021 12:23,202104,EASTERN EUROPE-EU,ROMANIA,GATWICK,BUCHAREST (OTOPENI),165,0,165,446,446,0,-63.004484
11/06/2021 12:23,202104,EASTERN EUROPE-EU,ROMANIA,GATWICK,CLUJ NAPOCA,0,0,0,478,478,0,-100
11/06/2021 12:23,202104,EASTERN EUROPE-EU,ROMANIA,HEATHROW,BUCHAREST (OTOPENI),7141,7141,0,486,486,0,1369.341564
11/06/2021 12:23,202104,EASTERN EUROPE-EU,ROMANIA,HEATHROW,CLUJ NAPOCA,21,21,0,0,0,0,0
11/06/2021 12:23,202104,EASTERN EUROPE-EU,ROMANIA,LUTON,BACAU,5559,5559,0,0,0,0,0
11/06/2021 12:23,202104,EASTERN EUROPE-EU,ROMANIA,LUTON,BUCHAREST (OTOPENI),11051,11051,0,2988,2988,0,269.846051
11/06/2021 12:23,202104,EASTERN EUROPE-EU,ROMANIA,LUTON,CLUJ NAPOCA,5321,5321,0,1080,1080,0,392.685185
11/06/2021 12:23,202104,EASTERN EUROPE-EU,ROMANIA,LUTON,CRAIOVA,3784,3784,0,0,0,0,0
11/06/2021 12:23,202104,EASTERN EUROPE-EU,ROMANIA,LUTON,IASI,3451,3451,0,891,891,0,287.317621
11/06/2021 12:23,202104,EASTERN EUROPE-EU,ROMANIA,LUTON,SATU MARE,797,797,0,0,0,0,0
11/06/2021 12:23,202104,EASTERN EUROPE-EU,ROMANIA,LUTON,SIBIU,1836,1836,0,0,0,0,0
11/06/2021 12:23,202104,EASTERN EUROPE-EU,ROMANIA,LUTON,SUCEAVA,3578,3578,0,0,0,0,0
11/06/2021 12:23,202104,EASTERN EUROPE-EU,ROMANIA,LUTON,TIMISOARA,2364,2364,0,0,0,0,0
11/06/2021 12:23,202104,EASTERN EUROPE-EU,ROMANIA,SOUTHEND,BUCHAREST (OTOPENI),0,0,0,94,94,0,-100
11/06/2021 12:23,202104,EASTERN EUROPE-EU,ROMANIA,STANSTED,BUCHAREST (OTOPENI),9544,9544,0,313,0,313,2949.201278
11/06/2021 12:23,202104,EASTERN EUROPE-EU,ROMANIA,STANSTED,CLUJ NAPOCA,1703,1703,0,0,0,0,0
11/06/2021 12:23,202104,EASTERN EUROPE-EU,ROMANIA,STANSTED,IASI,0,0,0,321,0,321,-100
11/06/2021 12:23,202104,EASTERN EUROPE-EU,ROMANIA,BIRMINGHAM,BUCHAREST (OTOPENI),3432,3432,0,547,378,169,527.422303
11/06/2021 12:23,202104,EASTERN EUROPE-EU,ROMANIA,BIRMINGHAM,CLUJ NAPOCA,0,0,0,76,76,0,-100
11/06/2021 12:23,202104,EASTERN EUROPE-EU,ROMANIA,DONCASTER SHEFFIELD,BUCHAREST (OTOPENI),2437,2437,0,298,298,0,717.785235
11/06/2021 12:23,202104,EASTERN EUROPE-EU,ROMANIA,DONCASTER SHEFFIELD,CLUJ NAPOCA,266,266,0,178,178,0,49.438202
11/06/2021 12:23,202104,EASTERN EUROPE-EU,ROMANIA,EDINBURGH,BUCHAREST (OTOPENI),0,0,0,234,234,0,-100
11/06/2021 12:23,202104,EASTERN EUROPE-EU,ROMANIA,HUMBERSIDE,CONSTANTA,0,0,0,27,0,27,-100
11/06/2021 12:23,202104,EASTERN EUROPE-EU,ROMANIA,LIVERPOOL (JOHN LENNON),BUCHAREST (OTOPENI),1874,1874,0,344,344,0,444.767442
11/06/2021 12:23,202104,EASTERN EUROPE-EU,ROMANIA,LIVERPOOL (JOHN LENNON),CLUJ NAPOCA,0,0,0,84,84,0,-100
11/06/2021 12:23,202104,EASTERN EUROPE-EU,ROMANIA,LIVERPOOL (JOHN LENNON),IASI,0,0,0,166,166,0,-100
11/06/2021 12:23,202104,EASTERN EUROPE-EU,SLOVAK REPUBLIC,LUTON,BRATISLAVA,179,179,0,0,0,0,0
11/06/2021 12:23,202104,EASTERN EUROPE-EU,SLOVAK REPUBLIC,LUTON,KOSICE,1685,1685,0,0,0,0,0
11/06/2021 12:23,202104,EASTERN EUROPE-EU,SLOVAK REPUBLIC,STANSTED,BRATISLAVA,545,545,0,328,0,328,66.158537
11/06/2021 12:23,202104,EASTERN EUROPE-EU,SLOVAK REPUBLIC,STANSTED,KOSICE,564,564,0,0,0,0,0
11/06/2021 12:23,202104,EASTERN EUROPE -OTHER,ALBANIA,GATWICK,TIRANA,61,0,61,0,0,0,0
11/06/2021 12:23,202104,EASTERN EUROPE -OTHER,ALBANIA,HEATHROW,TIRANA,631,631,0,0,0,0,0
11/06/2021 12:23,202104,EASTERN EUROPE -OTHER,ALBANIA,LUTON,TIRANA,2398,2398,0,503,0,503,376.739563
11/06/2021 12:23,202104,EASTERN EUROPE -OTHER,AZERBAIJAN,HEATHROW,BAKU (HEYDER ALIYEV INT'L),194,0,194,378,184,194,-48.677249
11/06/2021 12:23,202104,EASTERN EUROPE -OTHER,BELARUS,GATWICK,MINSK INT'L ,1373,1373,0,1900,1900,0,-27.736842
11/06/2021 12:23,202104,EASTERN EUROPE -OTHER,GEORGIA,GATWICK,TBILISI,0,0,0,258,258,0,-100
11/06/2021 12:23,202104,EASTERN EUROPE -OTHER,KAZAKHSTAN,HEATHROW,NURSULTAN NAZERBAYEV INTERNATIONAL,0,0,0,54,0,54,-100
11/06/2021 12:23,202104,EASTERN EUROPE -OTHER,KAZAKHSTAN,HEATHROW,PETROPAVLOSVK,0,0,0,95,0,95,-100
11/06/2021 12:23,202104,EASTERN EUROPE -OTHER,REPUBLIC OF MOLDOVA,LUTON,CHISINAU (KISHINEV),5932,5932,0,0,0,0,0
11/06/2021 12:23,202104,EASTERN EUROPE -OTHER,REPUBLIC OF MOLDOVA,STANSTED,CHISINAU (KISHINEV),1080,1080,0,1558,0,1558,-30.680359
11/06/2021 12:23,202104,EASTERN EUROPE -OTHER,RUSSIA,HEATHROW,MOSCOW (SHEREMETYEVO),4628,3,4625,629,0,629,635.771065
11/06/2021 12:23,202104,EASTERN EUROPE -OTHER,RUSSIA,BIGGIN HILL,MOSCOW (VNUKOVO),12,0,12,0,0,0,0
11/06/2021 12:23,202104,EASTERN EUROPE -OTHER,UKRAINE,GATWICK,KIEV (BORISPOL),2700,2700,0,0,0,0,0
11/06/2021 12:23,202104,EASTERN EUROPE -OTHER,UKRAINE,HEATHROW,KIEV (BORISPOL),1169,1169,0,114,0,114,925.438596
11/06/2021 12:23,202104,EASTERN EUROPE -OTHER,UKRAINE,LUTON,KIEV (ZHULYANY),1593,1593,0,0,0,0,0
11/06/2021 12:23,202104,EASTERN EUROPE -OTHER,UKRAINE,LUTON,LVOV,1274,1274,0,0,0,0,0
11/06/2021 12:23,202104,EASTERN EUROPE -OTHER,UKRAINE,STANSTED,KIEV (BORISPOL),919,919,0,0,0,0,0
11/06/2021 12:23,202104,EASTERN EUROPE -OTHER,UKRAINE,BELFAST INTERNATIONAL,KIEV (BORISPOL),79,0,79,0,0,0,0
11/06/2021 12:23,202104,EASTERN EUROPE -OTHER,UKRAINE,BELFAST INTERNATIONAL,KIEV (ZHULYANY),78,0,78,0,0,0,0
11/06/2021 12:23,202104,NEAR EAST,ISRAEL,HEATHROW,TEL AVIV,8979,8979,0,144,144,0,6135.416667
11/06/2021 12:23,202104,NEAR EAST,ISRAEL,LUTON,TEL AVIV,1524,1524,0,0,0,0,0
11/06/2021 12:23,202104,NEAR EAST,ISRAEL,STANSTED,TEL AVIV,0,0,0,365,0,365,-100
11/06/2021 12:23,202104,NEAR EAST,JORDAN,HEATHROW,AMMAN,740,740,0,0,0,0,0
11/06/2021 12:23,202104,NEAR EAST,LEBANON,HEATHROW,BEIRUT,3094,3094,0,480,0,480,544.583333
11/06/2021 12:23,202104,NORTH AFRICA,ALGERIA,GATWICK,ALGIERS,0,0,0,546,0,546,-100
11/06/2021 12:23,202104,NORTH AFRICA,ALGERIA,HEATHROW,HASSI MESSAOUD,0,0,0,36,0,36,-100
11/06/2021 12:23,202104,NORTH AFRICA,EGYPT,GATWICK,ALEXANDRIA (BORG EL ARAB),88,0,88,0,0,0,0
11/06/2021 12:23,202104,NORTH AFRICA,EGYPT,GATWICK,CAIRO,25,0,25,535,0,535,-95.327103
11/06/2021 12:23,202104,NORTH AFRICA,EGYPT,HEATHROW,CAIRO,10034,10034,0,615,0,615,1531.544715
11/06/2021 12:23,202104,NORTH AFRICA,MOROCCO,HEATHROW,CASABLANCA MOHAMED V,0,0,0,205,205,0,-100
11/06/2021 12:23,202104,NORTH AFRICA,MOROCCO,STANSTED,CASABLANCA MOHAMED V,0,0,0,380,0,380,-100
11/06/2021 12:23,202104,NORTH AFRICA,TUNISIA,GATWICK,TUNIS,402,402,0,0,0,0,0
11/06/2021 12:23,202104,EAST AFRICA,ETHIOPIA,HEATHROW,ADDIS ABABA,1749,1749,0,1855,1797,58,-5.714286
11/06/2021 12:23,202104,EAST AFRICA,ETHIOPIA,MANCHESTER,ADDIS ABABA,221,221,0,0,0,0,0
11/06/2021 12:23,202104,EAST AFRICA,KENYA,HEATHROW,NAIROBI,2834,2834,0,109,0,109,2500
11/06/2021 12:23,202104,WEST AFRICA,EQUATORIAL GUINEA,STANSTED,MALABO,0,0,0,61,0,61,-100
11/06/2021 12:23,202104,WEST AFRICA,GAMBIA,STANSTED,BANJUL,0,0,0,150,0,150,-100
11/06/2021 12:23,202104,WEST AFRICA,GHANA,HEATHROW,ACCRA,10355,10355,0,76,0,76,13525
11/06/2021 12:23,202104,WEST AFRICA,GHANA,STANSTED,ACCRA,0,0,0,282,0,282,-100
11/06/2021 12:23,202104,WEST AFRICA,NIGERIA,HEATHROW,ABUJA,6408,6408,0,433,0,433,1379.907621
11/06/2021 12:23,202104,WEST AFRICA,NIGERIA,HEATHROW,LAGOS,22572,22572,0,737,0,737,2962.686567
11/06/2021 12:23,202104,CENTRAL AFRICA,ANGOLA,STANSTED,LUANDA,0,0,0,25,0,25,-100
11/06/2021 12:23,202104,SOUTHERN AFRICA,REPUBLIC OF SOUTH AFRICA,HEATHROW,CAPE TOWN,0,0,0,2169,0,2169,-100
11/06/2021 12:23,202104,SOUTHERN AFRICA,REPUBLIC OF SOUTH AFRICA,HEATHROW,JOHANNESBURG,0,0,0,908,0,908,-100
11/06/2021 12:23,202104,MIDDLE EAST,BAHRAIN,HEATHROW,BAHRAIN,8861,8861,0,2168,1226,942,308.717712
11/06/2021 12:23,202104,MIDDLE EAST,IRAN,HEATHROW,TEHRAN IMAM KHOMEINI,415,415,0,1264,1264,0,-67.167722
11/06/2021 12:23,202104,MIDDLE EAST,IRAQ,STANSTED,ERBIL INTERNATIONAL,0,0,0,171,0,171,-100
11/06/2021 12:23,202104,MIDDLE EAST,KUWAIT,GATWICK,KUWAIT,256,0,256,588,588,0,-56.462585
11/06/2021 12:23,202104,MIDDLE EAST,KUWAIT,HEATHROW,KUWAIT,0,0,0,3748,312,3436,-100
11/06/2021 12:23,202104,MIDDLE EAST,KUWAIT,BIGGIN HILL,KUWAIT,5,0,5,0,0,0,0
11/06/2021 12:23,202104,MIDDLE EAST,KUWAIT,GLASGOW,KUWAIT,0,0,0,594,0,594,-100
11/06/2021 12:23,202104,MIDDLE EAST,KUWAIT,MANCHESTER,KUWAIT,0,0,0,2093,0,2093,-100
11/06/2021 12:23,202104,MIDDLE EAST,OMAN,HEATHROW,MUSCAT,52,0,52,0,0,0,0
11/06/2021 12:23,202104,MIDDLE EAST,QATAR,HEATHROW,DOHA HAMAD,4983,4983,0,17922,17371,551,-72.196183
11/06/2021 12:23,202104,MIDDLE EAST,QATAR,EDINBURGH,DOHA HAMAD,915,915,0,1228,1228,0,-25.488599
11/06/2021 12:23,202104,MIDDLE EAST,QATAR,MANCHESTER,DOHA HAMAD,979,979,0,4576,4563,13,-78.605769
11/06/2021 12:23,202104,MIDDLE EAST,SAUDI ARABIA,HEATHROW,DAMMAM,0,0,0,576,360,216,-100
11/06/2021 12:23,202104,MIDDLE EAST,SAUDI ARABIA,HEATHROW,JEDDAH,1226,1226,0,2169,2169,0,-43.476256
11/06/2021 12:23,202104,MIDDLE EAST,SAUDI ARABIA,HEATHROW,RIYADH,2238,2238,0,2840,2840,0,-21.197183
11/06/2021 12:23,202104,MIDDLE EAST,SAUDI ARABIA,STANSTED,RIYADH,0,0,0,30,0,30,-100
11/06/2021 12:23,202104,MIDDLE EAST,SAUDI ARABIA,BIGGIN HILL,RIYADH,0,0,0,11,0,11,-100
11/06/2021 12:23,202104,MIDDLE EAST,UNITED ARAB EMIRATES,GATWICK,DUBAI (WORLD CENTRAL),8,0,8,0,0,0,0
11/06/2021 12:23,202104,MIDDLE EAST,UNITED ARAB EMIRATES,HEATHROW,ABU DHABI INTERNATIONAL,1413,1413,0,351,351,0,302.564103
11/06/2021 12:23,202104,MIDDLE EAST,UNITED ARAB EMIRATES,HEATHROW,DUBAI,4457,4457,0,3256,3256,0,36.885749
11/06/2021 12:23,202104,MIDDLE EAST,UNITED ARAB EMIRATES,MANCHESTER,ABU DHABI INTERNATIONAL,758,758,0,0,0,0,0
11/06/2021 12:23,202104,MIDDLE EAST,UNITED ARAB EMIRATES,MANCHESTER,DUBAI,1010,1010,0,0,0,0,0
11/06/2021 12:23,202104,INDIAN SUB-CONTINENT,BANGLADESH,HEATHROW,DHAKHA,1011,1011,0,982,0,982,2.953157
11/06/2021 12:23,202104,INDIAN SUB-CONTINENT,BANGLADESH,HEATHROW,SYLHET,392,392,0,0,0,0,0
11/06/2021 12:23,202104,INDIAN SUB-CONTINENT,INDIA,HEATHROW,AHMEDABAD,0,0,0,1909,0,1909,-100
11/06/2021 12:23,202104,INDIAN SUB-CONTINENT,INDIA,HEATHROW,AMRITSAR,0,0,0,2682,0,2682,-100
11/06/2021 12:23,202104,INDIAN SUB-CONTINENT,INDIA,HEATHROW,BANGALORE (BENGALURU),6545,6545,0,0,0,0,0
11/06/2021 12:23,202104,INDIAN SUB-CONTINENT,INDIA,HEATHROW,DELHI,17776,17776,0,3207,0,3207,454.287496
11/06/2021 12:23,202104,INDIAN SUB-CONTINENT,INDIA,HEATHROW,GOA,0,0,0,1544,0,1544,-100
11/06/2021 12:23,202104,INDIAN SUB-CONTINENT,INDIA,HEATHROW,HYDERABAD ( RAJIV GHANDI ),4836,4836,0,0,0,0,0
11/06/2021 12:23,202104,INDIAN SUB-CONTINENT,INDIA,HEATHROW,MUMBAI,13056,13056,0,1179,0,1179,1007.379135
11/06/2021 12:23,202104,INDIAN SUB-CONTINENT,INDIA,STANSTED,GOA,0,0,0,932,0,932,-100
11/06/2021 12:23,202104,INDIAN SUB-CONTINENT,INDIA,BIRMINGHAM,AMRITSAR,193,0,193,0,0,0,0
11/06/2021 12:23,202104,INDIAN SUB-CONTINENT,NEPAL,STANSTED,KATHMANDU,0,0,0,754,0,754,-100
11/06/2021 12:23,202104,INDIAN SUB-CONTINENT,PAKISTAN,GATWICK,BENAZIR BHUTTO INTERNATIONAL AIRPORT,195,0,195,0,0,0,0
11/06/2021 12:23,202104,INDIAN SUB-CONTINENT,PAKISTAN,HEATHROW,ISLAMABAD INTERNATIONAL AIRPORT,10306,9766,540,5154,4497,657,99.961195
11/06/2021 12:23,202104,INDIAN SUB-CONTINENT,PAKISTAN,HEATHROW,KARACHI,0,0,0,896,550,346,-100
11/06/2021 12:23,202104,INDIAN SUB-CONTINENT,PAKISTAN,HEATHROW,LAHORE,5641,5641,0,3316,3152,164,70.114596
11/06/2021 12:23,202104,INDIAN SUB-CONTINENT,PAKISTAN,STANSTED,ISLAMABAD INTERNATIONAL AIRPORT,351,0,351,0,0,0,0
11/06/2021 12:23,202104,INDIAN SUB-CONTINENT,PAKISTAN,BIRMINGHAM,ISLAMABAD INTERNATIONAL AIRPORT,560,0,560,2702,2702,0,-79.274611
11/06/2021 12:23,202104,INDIAN SUB-CONTINENT,PAKISTAN,MANCHESTER,ISLAMABAD INTERNATIONAL AIRPORT,5663,3819,1844,8897,7777,1120,-36.349331
11/06/2021 12:23,202104,INDIAN SUB-CONTINENT,PAKISTAN,MANCHESTER,LAHORE,0,0,0,2202,1716,486,-100
11/06/2021 12:23,202104,INDIAN SUB-CONTINENT,SRI LANKA,HEATHROW,COLOMBO,1604,1604,0,670,670,0,139.402985
11/06/2021 12:23,202104,FAR EAST,BRUNEI,HEATHROW,BANDAR SERI BEGAWAN,197,197,0,0,0,0,0
11/06/2021 12:23,202104,FAR EAST,CHINA,HEATHROW,CHENGDU,0,0,0,308,0,308,-100
11/06/2021 12:23,202104,FAR EAST,CHINA,HEATHROW,GUANGZHOU BAIYUN INTERNATIONAL,0,0,0,2131,2129,2,-100
11/06/2021 12:23,202104,FAR EAST,CHINA,HEATHROW,HANGZHOU,0,0,0,140,0,140,-100
11/06/2021 12:23,202104,FAR EAST,CHINA,HEATHROW,JINAN YAOQIANG INTERNATIONAL,0,0,0,181,181,0,-100
11/06/2021 12:23,202104,FAR EAST,CHINA,HEATHROW,NANJING LUKOU INTERNATIONAL,0,0,0,180,0,180,-100
11/06/2021 12:23,202104,FAR EAST,CHINA,HEATHROW,QINGDAO,0,0,0,935,935,0,-100
11/06/2021 12:23,202104,FAR EAST,CHINA,HEATHROW,SHANGHAI (PU DONG),0,0,0,2477,2477,0,-100
11/06/2021 12:23,202104,FAR EAST,HONG KONG,HEATHROW,HONG KONG (CHEK LAP KOK),7667,7667,0,3685,3685,0,108.059701
11/06/2021 12:23,202104,FAR EAST,HONG KONG,MANCHESTER,HONG KONG (CHEK LAP KOK),0,0,0,144,144,0,-100
11/06/2021 12:23,202104,FAR EAST,JAPAN,HEATHROW,NAGOYA,26,26,0,0,0,0,0
11/06/2021 12:23,202104,FAR EAST,JAPAN,HEATHROW,OSAKA (KANSAI),54,54,0,0,0,0,0
11/06/2021 12:23,202104,FAR EAST,JAPAN,HEATHROW,TOKYO (HANEDA),4214,4214,0,2683,2683,0,57.062989
11/06/2021 12:23,202104,FAR EAST,MALAYSIA,HEATHROW,KUALA LUMPUR (SEPANG),723,658,65,3277,3277,0,-77.937138
11/06/2021 12:23,202104,FAR EAST,PHILIPPINES,GATWICK,MANILA,0,0,0,514,0,514,-100
11/06/2021 12:23,202104,FAR EAST,PHILIPPINES,HEATHROW,MANILA,0,0,0,1923,1096,827,-100
11/06/2021 12:23,202104,FAR EAST,REPUBLIC OF KOREA,HEATHROW,SEOUL (INCHEON),796,796,0,3583,3583,0,-77.78398
11/06/2021 12:23,202104,FAR EAST,SINGAPORE,HEATHROW,SINGAPORE,8435,8435,0,1162,1162,0,625.903614
11/06/2021 12:23,202104,FAR EAST,TAIWAN,GATWICK,TAIPEI,0,0,0,123,123,0,-100
11/06/2021 12:23,202104,FAR EAST,TAIWAN,HEATHROW,TAIPEI,296,296,0,479,479,0,-38.204593
11/06/2021 12:23,202104,FAR EAST,THAILAND,HEATHROW,BANGKOK SUVARNABHUMI ,1504,0,1504,1562,1562,0,-3.713188
11/06/2021 12:23,202104,FAR EAST,VIETNAM,HEATHROW,HANOI,319,319,0,205,205,0,55.609756
11/06/2021 12:23,202104,AUSTRALASIA,AUSTRALIA,HEATHROW,DARWIN,207,207,0,0,0,0,0
11/06/2021 12:23,202104,AUSTRALASIA,AUSTRALIA,HEATHROW,MELBOURNE,0,0,0,511,511,0,-100
11/06/2021 12:23,202104,AUSTRALASIA,AUSTRALIA,HEATHROW,PERTH (AUSTRALIA),0,0,0,1,1,0,-100
11/06/2021 12:23,202104,AUSTRALASIA,AUSTRALIA,HEATHROW,SYDNEY,0,0,0,2277,2277,0,-100
11/06/2021 12:23,202104,CANADA,CANADA,HEATHROW,MONTREAL (DORVAL),0,0,0,78,78,0,-100
11/06/2021 12:23,202104,CANADA,CANADA,HEATHROW,TORONTO,5746,5746,0,5132,5132,0,11.964147
11/06/2021 12:23,202104,CANADA,CANADA,HEATHROW,VANCOUVER,0,0,0,1577,1577,0,-100
11/06/2021 12:23,202104,UNITED STATES OF AMERICA,USA,HEATHROW,ATLANTA,4183,4183,0,792,792,0,428.156566
11/06/2021 12:23,202104,UNITED STATES OF AMERICA,USA,HEATHROW,BOSTON,2433,2433,0,1321,1321,0,84.178653
11/06/2021 12:23,202104,UNITED STATES OF AMERICA,USA,HEATHROW,CHARLOTTE,2495,2495,0,0,0,0,0
11/06/2021 12:23,202104,UNITED STATES OF AMERICA,USA,HEATHROW,CHICAGO (O'HARE),4812,4812,0,1773,1773,0,171.404399
11/06/2021 12:23,202104,UNITED STATES OF AMERICA,USA,HEATHROW,DALLAS/FORT WORTH,5584,5584,0,2723,2723,0,105.06794
11/06/2021 12:23,202104,UNITED STATES OF AMERICA,USA,HEATHROW,FORT LAUDERDALE,0,0,0,225,0,225,-100
11/06/2021 12:23,202104,UNITED STATES OF AMERICA,USA,HEATHROW,HOUSTON,1140,1140,0,0,0,0,0
11/06/2021 12:23,202104,UNITED STATES OF AMERICA,USA,HEATHROW,LOS ANGELES INTERNATIONAL,5477,5477,0,4463,4219,244,22.720143
11/06/2021 12:23,202104,UNITED STATES OF AMERICA,USA,HEATHROW,MIAMI INTERNATIONAL,5685,5685,0,3443,2947,496,65.11763
11/06/2021 12:23,202104,UNITED STATES OF AMERICA,USA,HEATHROW,NEW YORK (JF KENNEDY),12118,12118,0,2015,2015,0,501.389578
11/06/2021 12:23,202104,UNITED STATES OF AMERICA,USA,HEATHROW,NEW YORK (NEWARK),3782,3782,0,1789,1789,0,111.403018
11/06/2021 12:23,202104,UNITED STATES OF AMERICA,USA,HEATHROW,PHILADELPHIA INTERNATIONAL,1466,1466,0,0,0,0,0
11/06/2021 12:23,202104,UNITED STATES OF AMERICA,USA,HEATHROW,SAN FRANCISCO,1339,1339,0,162,162,0,726.54321
11/06/2021 12:23,202104,UNITED STATES OF AMERICA,USA,HEATHROW,SEATTLE (TACOMA),1815,1815,0,295,295,0,515.254237
11/06/2021 12:23,202104,UNITED STATES OF AMERICA,USA,HEATHROW,WASHINGTON (DULLES),5019,5019,0,1298,1298,0,286.671803
11/06/2021 12:23,202104,UNITED STATES OF AMERICA,USA,BIGGIN HILL,WASHINGTON (DULLES),0,0,0,4,0,4,-100
11/06/2021 12:23,202104,UNITED STATES OF AMERICA,USA,EAST MIDLANDS INTERNATIONAL,BANGOR,0,0,0,8,0,8,-100
11/06/2021 12:23,202104,CENTRAL AMERICA,MEXICO,GATWICK,CANCUN,1283,1283,0,0,0,0,0
11/06/2021 12:23,202104,CENTRAL AMERICA,MEXICO,HEATHROW,MEXICO CITY,2179,2179,0,572,572,0,280.944056
11/06/2021 12:23,202104,CENTRAL AMERICA,MEXICO,EAST MIDLANDS INTERNATIONAL,MERIDA,0,0,0,51,0,51,-100
11/06/2021 12:23,202104,SOUTH AMERICA,BRAZIL,HEATHROW,SAO PAULO (GUARULHOS),0,0,0,1601,1601,0,-100
11/06/2021 12:23,202104,SOUTH AMERICA,CHILE,HEATHROW,SANTIAGO DE CHILE,0,0,0,393,393,0,-100
11/06/2021 12:23,202104,SOUTH AMERICA,ECUADOR,HEATHROW,GUAYAQUIL,0,0,0,175,0,175,-100
11/06/2021 12:23,202104,SOUTH AMERICA,ECUADOR,HEATHROW,MARISCAL SUCRE INTERNATIONAL,0,0,0,77,0,77,-100
11/06/2021 12:23,202104,SOUTH AMERICA,GUYANA,HEATHROW,GEORGETOWN (GUYANA),111,0,111,38,0,38,192.105263
11/06/2021 12:23,202104,SOUTH AMERICA,PERU,HEATHROW,JORGE CHAVEZ INTERNATIONAL,0,0,0,517,0,517,-100
11/06/2021 12:23,202104,CARIBBEAN AREA,ANTIGUA AND BARBUDA,GATWICK,ANTIGUA,1384,1384,0,0,0,0,0
11/06/2021 12:23,202104,CARIBBEAN AREA,BAHAMAS,HEATHROW,NASSAU,0,0,0,42,0,42,-100
11/06/2021 12:23,202104,CARIBBEAN AREA,BARBADOS,HEATHROW,BRIDGETOWN,1972,1972,0,0,0,0,0
11/06/2021 12:23,202104,CARIBBEAN AREA,BERMUDA,HEATHROW,BERMUDA,1395,1395,0,298,0,298,368.120805
11/06/2021 12:23,202104,CARIBBEAN AREA,CAYMAN ISLANDS,HEATHROW,GRAND CAYMAN,539,539,0,293,0,293,83.959044
11/06/2021 12:23,202104,CARIBBEAN AREA,JAMAICA,GATWICK,KINGSTON,764,764,0,0,0,0,0
11/06/2021 12:23,202104,CARIBBEAN AREA,ST LUCIA,GATWICK,ST LUCIA (HEWANORRA),421,421,0,0,0,0,0
11/06/2021 12:23,202104,CARIBBEAN AREA,TURKS AND CAICOS ISLANDS,HEATHROW,PROVIDENCIALES,0,0,0,49,0,49,-100
11/06/2021 12:23,202104,INDIAN OCEAN ISLANDS,MALDIVE ISLANDS,HEATHROW,MALE INTERNATIONAL,1637,1637,0,0,0,0,0
11/06/2021 12:23,202104,OIL RIGS,OIL RIGS,ABERDEEN,OIL RIGS,27492,0,27492,21901,0,21901,25.528515
11/06/2021 12:23,202104,OIL RIGS,OIL RIGS,BLACKPOOL,OIL RIGS,0,0,0,650,0,650,-100
11/06/2021 12:23,202104,OIL RIGS,OIL RIGS,HUMBERSIDE,OIL RIGS,811,0,811,393,0,393,106.361323
11/06/2021 12:23,202104,OIL RIGS,OIL RIGS,NORWICH,OIL RIGS,5707,0,5707,3411,0,3411,67.311639
11/06/2021 12:23,202104,OIL RIGS,OIL RIGS,SCATSTA,OIL RIGS,0,0,0,2252,0,2252,-100
11/06/2021 12:23,202104,OIL RIGS,OIL RIGS,SUMBURGH,OIL RIGS,5601,0,5601,557,0,557,905.56553

